id,score,participant.label,player.cq1,player.cq2,player.cq3,player.cq4,player.cq5,player.cq6,player.cq7
1311012,2,C11012,1,1,5,4,3,100,24
1311017,3,C11017,3,1,3,2,4,100,47
1311016,5,C11016,3,1,5,2,5,5,12
1311025,1,C11025,4,2,5,3,2,5,24
1311015,3,C11015,1,1,5,2,1,5,24
1311018,1,C11018,2,3,5,4,1,5,24
1311020,3,C11020,1,1,3,2,5,20,47
1311023,4,C11023,3,3,5,2,5,5,47
1311019,1,C11019,2,2,5,4,4,46,45
1311021,0,C11021,4,2,1,1,1,1000,24
1311009,2,C11009,3,3,4,5,5,500,36
1311013,4,C11013,3,1,4,2,5,100,12
1311011,1,C11011,1,3,1,2,3,5,24
1311002,5,C11002,3,1,5,2,5,5,47
1311014,5,C11014,3,1,5,2,5,5,24
1311008,4,C11008,3,3,5,2,5,100,24
1311003,3,C11003,3,4,5,1,5,5,12
1311001,2,C11001,4,2,3,2,5,100,24
1311010,1,C11010,3,4,4,3,3,5,24
1311024,1,C11024,3,2,2,4,2,0,0
1311007,3,C11007,3,4,5,2,4,100,24
1311005,1,C11005,1,3,3,5,5,5,48
1311004,2,C11004,3,1,4,1,2,100,24
1311022,2,C11022,1,3,1,2,5,20,12
1311006,1,C11006,1,3,2,2,4,100,24
1310626,1,C10626,5,4,5,3,4,40,24
1310601,4,C10601,3,4,5,2,5,100,24
1310603,3,C10603,3,2,5,2,4,100,24
1310618,2,C10618,3,4,5,1,2,100,24
1310607,5,C10607,3,1,5,2,5,100,47
1310622,2,C10622,3,2,5,1,3,100,24
1310610,1,C10610,1,3,5,4,4,100,24
1310609,2,C10609,3,2,5,4,3,100,24
1310621,3,C10621,3,2,4,2,5,100,24
1310615,0,C10615,5,4,3,4,3,100,24
1310605,3,C10605,3,4,5,2,3,5,32
1310623,4,C10623,3,2,5,2,5,5,24
1310606,4,C10606,3,4,5,2,5,100,24
1310617,2,C10617,5,4,5,2,1,100,24
1310624,2,C10624,3,2,5,4,1,14,24
1310602,2,C10602,3,4,5,4,1,100,12
1310620,1,C10620,4,2,1,2,3,3000,24
1310608,2,C10608,3,4,2,1,5,100,96
1310616,4,C10616,3,1,5,2,1,5,24
1310613,5,C10613,3,1,5,2,5,100,24
1310614,3,C10614,5,1,5,2,4,5,16
1310619,2,C10619,3,4,5,4,2,100,24
1310625,3,C10625,4,4,5,2,5,100,24
1310612,3,C10612,5,1,5,2,4,100,12
1310611,2,C10611,3,4,5,4,3,100,24
1310427,3,C10427,3,4,5,2,1,100,12
1310425,2,C10425,3,2,2,3,5,100,47
1310423,4,C10423,3,1,5,2,2,20,24
1310418,3,C10418,4,4,5,2,5,20,12
1310405,1,C10405,5,4,5,1,4,100,24
1310429,1,C10429,2,1,1,3,4,100,24
1310411,2,C10411,4,2,5,2,3,100,24
1310414,5,C10414,3,1,5,2,5,100,7
1310415,5,C10415,3,1,5,2,5,20,28
1310421,3,C10421,2,1,5,3,5,100,24
1310403,0,C10403,4,3,3,5,2,50,24
1310409,3,C10409,2,1,2,2,5,20,24
1310426,0,C10426,2,2,3,1,1,100,24
1310412,2,C10412,3,2,5,3,3,100,24
1310430,0,C10430,2,5,3,1,2,100,24
1310417,5,C10417,3,1,5,2,5,48,47
1310420,2,C10420,3,4,5,1,4,20,24
1310407,5,C10407,3,1,5,2,5,5,47
1310419,2,C10419,3,2,2,2,3,48,47
1310402,5,C10402,3,1,5,2,5,100,24
1310406,1,C10406,4,2,3,2,3,100,24
1310424,4,C10424,3,1,5,3,5,20,4
1310431,0,C10431,2,3,1,1,1,1,1
1310428,1,C10428,2,2,1,2,4,100,24
1310410,5,C10410,3,1,5,2,5,100,24
1310404,4,C10404,1,1,5,2,5,100,12
1310408,2,C10408,3,5,1,2,3,100,24
1310413,5,C10413,3,1,5,2,5,100,47
1310422,2,C10422,2,3,5,2,3,20,12
1310416,4,C10416,3,1,5,2,3,48,24
1310401,5,C10401,3,1,5,2,5,5,47
UMMY1,0,DUMMY10103,,,,,,,
UMMY1,0,DUMMY10104,,,,,,,
1310132,4,C10132,3,2,5,2,5,20,12
1310109,1,C10109,2,3,5,3,4,100,24
1310108,1,C10108,2,3,5,1,1,100,24
1310104,5,C10104,3,1,5,2,5,100,24
1310101,1,C10101,3,3,3,3,3,100,12
1310111,3,C10111,3,1,5,1,4,5,20
1310121,3,C10121,4,2,5,2,5,100,24
1310116,3,C10116,3,4,5,2,3,5,24
1310119,4,C10119,3,1,5,2,3,100,24
1310105,0,C10105,2,2,2,4,1,419,8
1310112,4,C10112,3,1,5,2,2,20,47
1310117,2,C10117,3,2,5,3,2,100,24
1310125,2,C10125,3,5,3,2,4,40,24
1310113,2,C10113,3,2,5,5,3,5,24
1310124,0,C10124,4,2,3,4,3,500,12
1310107,1,C10107,3,2,3,4,4,215,8
1310126,2,C10126,5,2,5,2,4,100,24
1310128,1,C10128,4,4,5,3,3,100,24
1310118,2,C10118,3,2,5,1,4,20,24
1310103,3,C10103,3,3,5,2,4,100,24
1310131,4,C10131,3,1,5,2,3,100,24
1310102,4,C10102,3,1,5,2,4,100,24
1310115,1,C10115,4,2,5,3,4,25,24
1310127,3,C10127,1,2,5,2,5,100,24
1310130,2,C10130,3,2,5,4,2,20,24
1310122,1,C10122,5,3,5,4,4,100,24
1310120,2,C10120,4,5,5,2,1,100,24
1310123,2,C10123,4,2,5,4,5,100,12
1310114,2,C10114,3,1,1,1,1,6,4
1110203,2,B10203,5,3,1,2,5,500,47
1110218,0,B10218,4,3,4,4,4,1,12314124
1110204,0,B10204,4,4,4,4,3,100,24
1110221,4,B10221,1,1,5,2,5,100,24
1110207,4,B10207,3,3,5,2,5,100,24
1110223,4,B10223,3,4,5,2,5,20,24
1110215,4,B10215,3,1,5,2,4,20,24
1110202,1,B10202,3,3,3,3,3,0,0
1110224,0,B10224,4,3,3,1,4,100,24
1110226,2,B10226,4,3,4,2,5,20,28
1110225,5,B10225,3,1,5,2,5,100,24
1110210,2,B10210,2,3,5,2,4,100,12
1110209,1,B10209,3,2,3,3,3,100,24
1110220,2,B10220,1,4,5,2,3,100,12
1110205,0,B10205,2,3,1,1,3,100,24
1110211,3,B10211,3,4,5,2,4,100,16
1110219,5,B10219,3,1,5,2,5,100,24
1110227,3,B10227,3,4,5,2,1,100,24
1110208,1,B10208,1,2,3,4,5,100,12
1110212,0,B10212,5,4,2,3,3,123,12
1110201,5,B10201,3,1,5,2,5,100,24
1110213,1,B10213,4,2,4,2,3,100,24
1110228,4,B10228,3,1,5,2,3,5,24
1110206,3,B10206,3,4,5,2,3,100,24
1110214,1,B10214,2,3,3,2,2,100,24
1110222,5,B10222,3,1,5,2,5,500,6
1110216,4,B10216,3,1,5,2,1,100,24
1110217,2,B10217,3,3,5,3,4,100,24
1110116,2,B10116,5,3,5,2,4,5,24
1110108,3,B10108,3,2,5,2,1,15,24
1110103,3,B10103,3,2,5,2,1,20,24
1110124,1,B10124,3,0,0,0,0,0,0
1110117,5,B10117,3,1,5,2,5,100,24
1110120,3,B10120,3,2,5,2,1,100,24
1110115,2,B10115,2,4,5,2,1,100,24
1110119,2,B10119,3,1,0,0,0,0,24
1110113,0,B10113,4,4,4,4,4,4,4
1110127,3,B10127,3,2,5,2,1,100,24
1110125,4,B10125,3,4,5,2,5,100,24
1110101,0,B10101,4,5,3,5,3,1,3
1110126,4,B10126,3,1,5,2,4,2,24
1110106,4,B10106,3,1,5,2,1,5,24
1110111,4,B10111,3,2,5,2,5,1000000000,3
1110128,3,B10128,3,2,5,2,1,5,24
1110105,5,B10105,3,1,5,2,5,100,24
1110123,3,B10123,3,1,5,4,3,5,24
1110107,3,B10107,3,4,5,2,4,5,47
1110118,0,B10118,2,2,4,4,3,80,47
1110114,1,B10114,2,3,5,1,3,100,24
1110104,1,B10104,3,2,3,3,4,896,24
1110102,1,B10102,3,4,3,3,3,5,24
1110112,0,B10112,4,4,4,4,4,4,4
1110109,2,B10109,2,1,4,2,1,10,1
1110626,0,B10626,,,,,,,
1110603,0,B10603,,,,,,,
1110616,0,B10616,,,,,,,
1110609,0,B10609,,,,,,,
1110610,0,B10610,,,,,,,
1110608,0,B10608,,,,,,,
1110613,0,B10613,,,,,,,
1110612,0,B10612,,,,,,,
1110615,0,B10615,,,,,,,
1110601,0,B10601,,,,,,,
1110606,0,B10606,,,,,,,
1110628,0,B10628,,,,,,,
1110619,0,B10619,,,,,,,
1110627,0,B10627,,,,,,,
1110625,0,B10625,,,,,,,
1110607,0,B10607,,,,,,,
1110617,0,B10617,,,,,,,
1110618,0,B10618,,,,,,,
1110622,0,B10622,,,,,,,
1110623,0,B10623,,,,,,,
1110620,0,B10620,,,,,,,
1110624,0,B10624,,,,,,,
1110604,0,B10604,,,,,,,
1110523,3,B10523,3,4,5,3,5,100,24
1110510,3,B10510,4,1,5,2,4,100,24
1110507,5,B10507,3,1,5,2,5,100,47
1110506,1,B10506,4,3,5,4,4,20,5
1110524,4,B10524,3,4,5,2,5,81,24
1110519,0,B10519,2,3,4,4,2,100,24
1110517,2,B10517,4,3,5,2,1,100,24
1110526,2,B10526,3,3,4,4,5,6,3
1110509,0,B10509,4,3,2,4,4,5,24
1110525,0,B10525,5,4,2,5,2,5,1
1110514,1,B10514,2,4,5,3,1,100,24
1110518,2,B10518,2,4,5,2,1,100,24
1110504,4,B10504,3,2,5,2,5,100,24
1110527,3,B10527,3,1,4,2,4,20,24
1110503,3,B10503,3,5,5,4,5,5,47
1110511,2,B10511,4,4,5,2,1,100,24
1110512,2,B10512,2,4,5,2,4,100,24
1110513,0,B10513,4,4,3,4,2,100,100
1110522,0,B10522,5,3,3,3,3,500,48
1110505,2,B10505,3,2,5,3,3,20,24
1110508,0,B10508,2,3,3,3,3,100,24
1110501,0,B10501,1,4,4,4,1,5,12
1110516,5,B10516,3,1,5,2,5,2000,24
1110521,5,B10521,3,1,5,2,5,5,47
1110520,0,B10520,5,4,4,3,2,20,10
1110617,3,B10617,3,3,5,2,3,100,24
1110619,3,B10619,3,5,5,1,5,5,47
1110607,2,B10607,3,3,3,3,5,100,24
1110616,4,B10616,3,1,5,2,1,100,24
1110612,3,B10612,3,3,5,2,4,24,24
1110624,1,B10624,3,4,1,5,3,200,24
1110608,3,B10608,3,2,5,2,1,25,24
1110615,0,B10615,4,3,3,3,2,100,24
1110603,2,B10603,3,3,5,4,4,100,50
1110626,3,B10626,3,4,5,2,1,100,24
1110622,0,B10622,2,2,3,3,4,100,31
1110620,2,B10620,3,4,5,4,1,100,24
1110623,2,B10623,3,4,5,5,3,100,48
1110613,0,B10613,4,3,3,4,4,100,24
1110609,3,B10609,3,2,5,2,1,100,24
1110625,3,B10625,3,4,5,2,2,100,12
1110604,1,B10604,4,3,2,2,4,100,24
1110606,1,B10606,1,4,5,1,4,100,24
1110627,2,B10627,4,3,5,3,5,100,24
1110618,4,B10618,3,4,5,2,5,100,24
1110601,5,B10601,3,1,5,2,5,5,47
1110610,4,B10610,3,3,5,2,5,100,24
1110628,3,B10628,3,4,5,2,1,100,24
2410224,0,A10224,,,,,,,
2410225,0,A10225,,,,,,,
1120202,0,B20202,,,,,,,
1120201,0,B20201,,,,,,,
2410224,0,A10224,,,,,,,
2410225,0,A10225,,,,,,,
2410101,0,A10101,,,,,,,
2410102,0,A10102,,,,,,,
2410106,1,A10106,5,4,3,2,4,100,24
2410124,5,A10124,3,1,5,2,5,5,47
2410102,3,A10102,3,2,5,2,3,5,12
2410111,3,A10111,3,3,5,2,1,100,24
2410123,3,A10123,3,3,5,2,1,100,24
2410109,3,A10109,3,2,5,2,1,100,24
2410116,1,A10116,5,3,3,2,4,100,24
2410105,5,A10105,3,1,5,2,5,5,12
2410119,1,A10119,3,3,3,3,3,100,24
2410112,3,A10112,3,3,5,2,4,100,24
2410107,4,A10107,3,1,5,2,4,5,47
2410113,4,A10113,3,1,5,2,3,20,24
2410103,0,A10103,0,0,0,0,0,0,0
2410120,3,A10120,2,3,5,2,5,5,47
2410108,2,A10108,1,4,5,2,3,100,24
2410121,3,A10121,5,3,5,2,5,100,24
2410110,2,A10110,3,5,5,3,3,100,36
2410114,0,A10114,5,3,2,4,4,100,24
2410202,4,A10202,3,1,5,2,1,20,12
2410207,5,A10207,3,1,5,2,5,100,16
2410201,1,A10201,3,5,4,1,3,100,24
2410209,5,A10209,3,1,5,2,5,100,24
2410216,5,A10216,3,1,5,2,5,100,24
2410219,3,A10219,5,3,5,2,5,100,12
2410208,3,A10208,3,4,5,2,3,5,12
2410214,2,A10214,2,2,5,2,3,100,24
2410221,4,A10221,3,1,5,2,4,100,24
2410213,4,A10213,3,4,5,2,5,100,12
2410225,5,A10225,3,1,5,2,5,500,12
2410217,2,A10217,3,3,2,2,1,1,24
2410223,2,A10223,3,2,5,4,4,123,24
2410203,5,A10203,3,1,5,2,5,100,24
2410218,3,A10218,3,1,5,3,4,12,36
2410222,4,A10222,3,1,5,2,4,20,24
2410224,1,A10224,5,4,5,4,1,50,1
2410210,2,A10210,3,4,3,3,5,100,96
2410204,4,A10204,3,1,5,2,3,100,12
2410205,4,A10205,3,1,5,2,2,100,24
2410410,3,A10410,3,1,2,2,3,100,24
2410423,1,A10423,1,3,5,4,4,100,24
2410412,1,A10412,3,4,2,3,4,35,24
2410404,5,A10404,3,1,5,2,5,100,24
2410417,1,A10417,3,3,1,3,4,100,100
2410401,4,A10401,3,4,5,2,5,100,24
2410403,5,A10403,3,1,5,2,5,100,24
2410411,1,A10411,4,4,3,2,1,100,24
2410409,1,A10409,3,5,3,4,1,100,24
2410414,4,A10414,3,1,5,1,5,100,24
2410415,3,A10415,3,3,5,2,4,20,24
2410419,3,A10419,3,2,5,2,1,100,24
2410413,5,A10413,3,1,5,2,5,100,24
2410422,4,A10422,3,1,5,2,1,100,24
2410407,3,A10407,3,1,3,1,5,5,24
2410421,3,A10421,3,1,5,4,3,100,24
2410402,2,A10402,5,3,5,1,5,100,24
2410408,5,A10408,3,1,5,2,5,100,24
2410406,4,A10406,3,1,5,2,4,5,12
2410424,5,A10424,3,1,5,2,5,60,24
2410418,3,A10418,3,2,5,2,4,100,24
2410420,0,A10420,5,3,2,5,1,100,24
2410509,1,A10509,5,3,5,4,3,3,3
2410503,1,A10503,5,3,5,4,3,100,22
2410514,2,A10514,3,4,5,5,1,20,28
2410522,4,A10522,3,2,5,2,5,5,24
2410506,3,A10506,3,2,5,2,1,100,24
2410521,3,A10521,2,4,5,2,5,5,12
2410516,2,A10516,2,3,2,2,5,100,24
2410524,2,A10524,3,2,1,2,4,100,24
2410511,5,A10511,3,1,5,2,5,100,24
2410515,2,A10515,3,3,3,2,3,20,24
2410502,2,A10502,4,4,5,2,1,5,12
2410508,1,A10508,3,3,2,3,3,100,24
2410517,4,A10517,3,2,5,2,5,5,24
2410510,3,A10510,3,2,5,2,3,500,30
2410523,4,A10523,3,3,5,2,5,100,24
2410501,1,A10501,5,3,5,3,4,100,24
2410512,4,A10512,3,1,5,2,2,5,12
2410507,3,A10507,5,2,5,2,5,100,24
2410513,2,A10513,5,3,5,2,1,100,24
2410505,4,A10505,3,3,5,2,5,100,24
2410504,3,A10504,4,4,5,2,5,100,24
2410519,5,A10519,3,1,5,2,5,100,24
1120215,4,B20215,3,2,5,2,5,5,47
1120229,5,B20229,3,1,5,2,5,5,47
1120224,2,B20224,5,5,5,2,3,100,24
1120228,1,B20228,3,3,3,3,3,100,24
1120219,4,B20219,3,1,5,2,1,100,4
1120210,4,B20210,3,1,5,2,3,5,12
1120202,5,B20202,3,1,5,2,5,100,47
1120221,4,B20221,3,1,5,2,3,100,14
1120212,1,B20212,4,4,3,2,3,100,25
1120226,1,B20226,2,4,5,5,2,1,12
1120207,3,B20207,3,4,5,2,1,100,24
1120211,3,B20211,3,3,5,2,1,100,4
1120217,5,B20217,3,1,5,2,5,100,47
1120216,2,B20216,5,4,5,2,1,20,12
1120222,0,B20222,4,2,4,4,3,25,9
1120201,2,B20201,3,3,2,2,3,5,24
1120206,1,B20206,4,2,4,2,4,100,24
1120227,2,B20227,3,4,5,4,3,1,24
1120220,1,B20220,2,4,5,1,4,100,12
1120218,3,B20218,3,3,5,2,4,500,24
1120213,4,B20213,3,5,5,2,5,100,24
1120223,2,B20223,4,4,5,2,3,5,12
1120208,3,B20208,3,3,5,2,4,5,47
1120203,2,B20203,4,2,5,2,4,5,24
1120225,2,B20225,3,3,2,3,5,5,47
1120204,5,B20204,3,1,5,2,5,5,47
1120214,2,B20214,3,3,2,2,1,100,24
1120209,2,B20209,3,2,2,1,5,100,56
1120414,5,B20414,3,1,5,2,5,100,24
1120404,4,B20404,3,1,1,2,5,5,47
1120402,2,B20402,5,3,5,2,3,100,24
1120405,5,B20405,3,1,5,2,5,5,47
1120415,4,B20415,3,2,5,2,5,100,24
1120419,3,B20419,3,3,5,2,3,100,5
1120429,3,B20429,4,5,5,2,5,100,24
1120417,3,B20417,3,1,2,2,1,20,12
1120407,4,B20407,3,1,5,2,2,100,47
1120413,4,B20413,3,2,5,2,5,400,24
1120418,2,B20418,4,4,5,2,4,50,24
1120406,4,B20406,3,1,5,4,5,5,47
1120401,2,B20401,3,1,2,4,2,100,24
1120421,3,B20421,3,2,5,2,3,100,24
1120426,2,B20426,5,5,5,2,4,100,24
1120408,4,B20408,3,1,5,2,2,100,47
1120423,2,B20423,3,5,5,5,4,5,12
1120403,2,B20403,5,3,1,2,5,100,47
1120424,0,B20424,4,5,2,3,1,100,24
1120409,4,B20409,5,1,5,2,5,100,16
1120428,1,B20428,3,3,4,4,4,100,3
1120425,4,B20425,3,3,5,2,5,100,6
1120420,3,B20420,3,3,5,2,3,100,47
1120427,2,B20427,3,4,2,2,3,100,14
1120410,3,B20410,5,4,5,2,5,1234567,2
1120416,3,B20416,3,1,5,1,1,5,36
1120411,5,B20411,3,1,5,2,5,5,47
1120317,4,B20317,3,1,5,2,2,100,47
1120312,1,B20312,4,3,5,1,1,5,47
1120313,4,B20313,3,1,5,2,1,5,47
1120304,5,B20304,3,1,5,2,5,5,12
1120306,2,B20306,3,2,2,2,4,100,47
1120319,5,B20319,3,1,5,2,5,100,47
1120328,4,B20328,3,1,2,2,5,100,47
1120329,4,B20329,3,1,5,5,5,100,47
1120314,3,B20314,3,2,2,2,5,5,47
1120330,5,B20330,3,1,5,2,5,5,24
1120308,3,B20308,3,1,2,2,3,100,47
1120302,3,B20302,3,1,2,2,3,5,47
1120301,1,B20301,3,5,3,3,1,100,12
1120307,2,B20307,3,1,2,1,3,100,47
1120316,5,B20316,3,1,5,2,5,100,47
1120320,4,B20320,3,4,5,2,5,100,47
1120326,5,B20326,3,1,5,2,5,100,47
1120315,5,B20315,3,1,5,2,5,5,47
1120311,5,B20311,3,1,5,2,5,5,47
1120305,5,B20305,3,1,5,2,5,5,24
1120321,3,B20321,3,2,5,2,2,100,47
1120303,1,B20303,3,4,2,5,3,5,47
1120324,5,B20324,3,1,5,2,5,100,47
1120327,0,B20327,2,3,1,3,1,5,47
1120322,2,B20322,3,2,1,2,2,100,47
1120318,5,B20318,3,1,5,2,5,100,47
1120309,5,B20309,3,1,5,2,5,5,47
1120310,5,B20310,3,1,5,2,5,5,47
1120325,4,B20325,3,1,5,2,1,100,47
1120626,3,B20626,3,2,5,2,3,100,24
1120604,1,B20604,3,4,4,4,4,100,47
1120616,4,B20616,3,1,2,2,5,5,47
1120606,1,B20606,3,4,4,4,3,5,24
1120617,1,B20617,4,3,4,2,4,100,3
1120619,2,B20619,3,2,1,3,5,9,96
1120605,1,B20605,3,3,3,3,3,300,3
1120629,3,B20629,3,1,5,4,4,100,24
1120611,0,B20611,1,3,1,5,3,100,24
1120613,3,B20613,3,4,5,2,4,5,12
1120601,1,B20601,2,4,3,5,5,100,3
1120609,1,B20609,3,3,3,3,3,485,3
1120622,4,B20622,3,2,5,2,5,100,24
1120627,2,B20627,3,2,3,2,2,100,24
1120623,0,B20623,2,4,1,5,1,100,24
1120615,0,B20615,5,4,4,5,4,100,24
1120607,5,B20607,3,1,5,2,5,5,24
1120620,3,B20620,3,3,5,2,4,100,24
1120618,2,B20618,4,4,5,2,3,500,24
1120602,1,B20602,3,2,2,3,3,4567890,34689
1120625,3,B20625,3,1,5,4,4,5,47
1120621,3,B20621,3,2,5,2,4,5,47
1120614,5,B20614,3,1,5,2,5,5,47
1120608,5,B20608,3,1,5,2,5,5,24
1120628,2,B20628,3,2,3,2,3,100,96
1120624,2,B20624,3,3,2,2,1,500,96
1120612,3,B20612,3,1,3,2,3,5,47
2110111,5,L10111,3,1,5,2,5,100,24
2110124,1,L10124,3,4,1,4,3,100,24
2110120,1,L10120,3,3,3,3,3,3,3
2110104,3,L10104,4,3,5,2,5,100,24
2110112,3,L10112,3,5,5,4,5,11,24
2110118,2,L10118,3,3,5,4,2,100,24
2110109,5,L10109,3,1,5,2,5,5,24
2110115,3,L10115,3,1,5,3,4,5,24
2110123,2,L10123,3,1,2,3,3,100,24
2110113,4,L10113,3,1,5,2,1,20,24
2110117,5,L10117,3,1,5,2,5,100,8
2110119,4,L10119,3,1,5,2,3,100,24
2110121,5,L10121,3,1,5,2,5,100,24
2110125,3,L10125,3,4,5,2,4,100,24
2110116,2,L10116,4,2,5,2,1,100,24
2110106,0,L10106,5,3,3,4,3,100,24
2110110,4,L10110,3,4,5,2,5,100,24
2110107,4,L10107,3,4,5,2,5,100,24
2110114,3,L10114,3,3,5,4,5,100,24
2110108,0,L10108,5,4,3,4,2,100,24
2110105,5,L10105,3,1,5,2,5,100,47
2110101,2,L10101,5,4,1,2,5,100,24
2110102,3,L10102,3,1,5,3,1,100,24
2110413,1,L10413,4,4,4,3,5,100,24
2110415,3,L10415,5,1,5,2,1,100,24
2110402,2,L10402,5,4,5,2,4,100,24
2110409,3,L10409,3,4,5,2,2,100,24
2110407,1,L10407,1,1,1,1,1,1,12
2110422,1,L10422,1,5,3,2,3,40,23
2110420,2,L10420,5,5,5,5,5,20,38
2110403,2,L10403,3,2,5,4,1,100,24
2110416,2,L10416,3,4,5,5,1,100,24
2110421,5,L10421,3,1,5,2,5,5,47
2110411,1,L10411,5,3,5,4,1,100,24
2110408,4,L10408,3,1,5,2,2,5,24
2110406,1,L10406,1,3,1,5,5,123,111
2110401,3,L10401,3,3,5,2,4,100,24
2110418,3,L10418,3,2,5,3,5,5,5
2110412,5,L10412,3,1,5,2,5,5,47
2110423,2,L10423,2,3,5,2,4,5,24
2110414,4,L10414,3,1,5,3,5,5,24
2110419,5,L10419,3,1,5,2,5,5,47
2110320,5,L10320,3,1,5,2,5,5,12
2110303,4,L10303,3,2,5,2,5,5,47
2110301,0,L10301,1,3,1,4,4,100,24
2110310,1,L10310,3,3,2,4,2,100,24
2110305,2,L10305,2,4,5,2,1,100,24
2110317,3,L10317,2,1,4,2,5,5,47
2110306,1,L10306,1,2,3,4,5,100,24
2110313,4,L10313,3,2,5,2,5,5,47
2110319,2,L10319,3,1,4,5,4,5,47
2110322,5,L10322,3,1,5,2,5,5,37
2110316,4,L10316,3,1,4,2,5,5,47
2110312,4,L10312,3,1,4,2,5,5,47
2110323,1,L10323,1,1,1,1,1,1,1
2110311,2,L10311,3,4,4,3,5,100,47
2110318,3,L10318,3,4,5,1,5,47,24
2110302,3,L10302,2,1,5,3,5,100,24
2110307,4,L10307,3,1,5,2,3,100,24
2110315,3,L10315,3,4,5,2,1,100,24
2110309,4,L10309,3,1,5,2,4,100,76
2110321,5,L10321,3,1,5,2,5,5,47
2110205,3,L10205,4,4,5,2,5,100,47
2110208,5,L10208,3,1,5,2,5,5,47
2110216,2,L10216,3,3,4,3,5,1,365
2110221,3,L10221,2,1,5,2,4,100,24
2110217,1,L10217,2,4,1,3,5,100,1
2110218,2,L10218,3,4,5,3,2,1,24
2110207,3,L10207,3,2,5,2,1,5,27
2110201,0,L10201,4,3,4,4,2,100,36
2110215,4,L10215,3,1,4,2,5,100,24
2110203,2,L10203,3,2,5,4,1,100,24
2110214,0,L10214,5,3,2,5,4,100,48
2110206,5,L10206,3,1,5,2,5,100,27
2110202,4,L10202,3,2,5,2,5,100,9
2110223,5,L10223,3,1,5,2,5,100,24
2110204,4,L10204,3,1,5,4,5,100,12
2110220,5,L10220,3,1,5,2,5,5,47
2110210,4,L10210,3,4,5,2,5,100,24
2110209,3,L10209,3,1,5,3,3,100,24
2110213,0,L10213,4,4,2,1,3,100,24
2110219,5,L10219,3,1,5,2,5,5,47
2110212,2,L10212,3,3,5,5,4,1,12
2110211,2,L10211,2,3,5,1,5,100,365
2110222,1,L10222,3,5,2,3,2,14,24
2120108,1,L20108,4,4,5,4,1,5,4
2120118,2,L20118,3,3,5,4,4,345,365
2120102,4,L20102,3,3,5,2,5,5,24
2120113,1,L20113,3,2,3,4,4,100,24
2120121,1,L20121,1,1,1,1,1,100,24
2120101,3,L20101,2,4,5,2,5,100,24
2120107,0,L20107,2,2,4,3,4,100,24
2120114,1,L20114,5,5,5,4,2,5,47
2120117,1,L20117,3,3,2,4,3,100,24
2120109,1,L20109,4,4,5,3,2,100,24
2120105,3,L20105,3,3,5,3,5,100,24
2120110,4,L20110,3,3,5,2,5,20,12
2120112,2,L20112,3,2,5,5,1,100,47
2120122,4,L20122,3,1,1,2,5,100,3
2120106,4,L20106,3,2,5,2,5,100,16
2120116,0,L20116,1,4,3,4,3,20,24
2120111,4,L20111,3,2,5,2,5,100,24
2120104,1,L20104,2,4,5,3,4,100,24
2120120,0,L20120,1,2,1,4,3,100,24
2120313,0,L20313,4,5,3,4,3,100,24
2120305,1,L20305,2,2,5,4,2,100,24
2120321,3,L20321,3,4,5,2,3,100,24
2120317,5,L20317,3,1,5,2,5,100,47
2120304,3,L20304,3,2,5,2,4,5,24
2120301,2,L20301,5,4,5,4,5,100,12
2120318,3,L20318,3,2,5,2,3,100,12
2120316,4,L20316,3,1,5,2,2,5,47
2120315,4,L20315,4,1,5,2,5,100,16
2120303,2,L20303,3,4,3,2,1,100,24
2120312,2,L20312,4,3,2,2,5,3,24
2120306,3,L20306,3,4,5,2,1,100,24
2120310,3,L20310,3,2,5,2,1,5,16
2120319,0,L20319,5,4,3,5,4,100,24
2120308,3,L20308,3,2,5,2,3,100,24
2120311,2,L20311,4,2,5,2,3,5,24
2120302,1,L20302,5,4,5,1,2,5,24
2120307,4,L20307,3,1,5,2,4,5,47
2120309,3,L20309,3,2,5,2,2,20,24
2120413,0,L20413,5,3,3,1,3,100,24
2120403,5,L20403,3,1,5,2,5,100,36
2120407,1,L20407,2,2,2,2,1,100,24
2120410,0,L20410,2,4,2,4,3,25,24
2120411,4,L20411,3,2,5,2,5,100,12
2120401,0,L20401,2,3,4,1,3,100,106
2120406,2,L20406,3,3,5,1,1,100,24
2120418,3,L20418,3,2,5,2,1,5,24
2120415,3,L20415,3,2,5,2,3,5,47
2120416,3,L20416,3,1,5,4,1,5,47
2120420,3,L20420,1,1,5,2,4,5,47
2120405,2,L20405,3,2,5,1,2,100,24
2120419,1,L20419,5,1,1,1,1,100,12
2120402,1,L20402,5,3,5,3,4,100,24
2120421,1,L20421,2,3,1,2,4,100,24
2120414,3,L20414,3,4,5,2,1,5,12
2120417,1,L20417,4,3,5,4,3,100,12
2120412,2,L20412,2,4,5,2,4,100,24
2120206,2,L20206,5,5,5,3,5,100,24
2120208,3,L20208,3,2,5,2,3,100,24
2120219,1,L20219,3,4,3,4,3,100,96
2120217,2,L20217,3,2,3,2,3,100,24
2120210,3,L20210,3,3,5,2,4,100,24
2120204,3,L20204,3,3,5,2,2,100,24
2120211,4,L20211,3,1,5,4,5,5,47
2120209,4,L20209,3,4,5,2,5,100,6
2120207,3,L20207,3,2,5,2,2,500,47
2120221,0,L20221,1,3,1,4,4,100,24
2120215,3,L20215,3,2,5,2,3,100,48
2120203,2,L20203,3,1,2,3,3,99,24
2120213,4,L20213,3,1,5,2,2,100,24
2120212,1,L20212,3,3,3,3,3,33,33
2120202,3,L20202,3,1,5,3,2,100,24
2120216,1,L20216,3,3,3,3,3,3,3
2120201,3,L20201,3,4,3,2,5,100,24
2120220,1,L20220,2,4,2,2,1,100,24
1610631,0,R10631,5,5,3,4,3,123,123
1610602,1,R10602,4,3,5,5,3,12,12
1610601,2,R10601,4,4,5,2,2,12,12
1610801,0,R10801,2,2,2,1,1,33,22
2610401,1,E10401,1,1,1,1,1,88,99
1610822,4,R10822,3,1,5,2,3,5,48
1610820,1,R10820,5,2,5,1,3,100,24
1610815,3,R10815,3,1,2,2,2,5,24
1610824,2,R10824,2,4,5,2,4,100,24
1610807,1,R10807,3,2,4,4,4,20,24
1610812,2,R10812,1,1,5,4,2,100,30
1610828,5,R10828,3,1,5,2,5,100,24
1610817,3,R10817,3,4,5,2,4,100,47
1610827,0,R10827,4,5,1,1,3,100,24
1610829,0,R10829,2,2,3,4,3,100,24
1610826,4,R10826,3,1,2,2,5,100,24
1610803,3,R10803,3,2,5,2,1,100,24
1610809,3,R10809,3,1,5,3,3,100,24
1610811,0,R10811,1,5,1,1,4,123456,123456
1610821,4,R10821,3,1,5,3,5,100,48
1610804,2,R10804,5,3,5,4,5,20,24
1610825,4,R10825,3,1,5,2,3,5,47
1610810,2,R10810,3,1,4,5,3,100,24
1610805,2,R10805,3,5,5,4,3,100,12
1610802,2,R10802,3,1,4,4,3,190,45
1610631,3,R10631,3,1,5,5,3,100,23
1610603,3,R10603,3,4,5,2,3,1000,24
1610628,3,R10628,3,1,5,4,3,100,24
1610622,5,R10622,3,1,5,2,5,100,24
1610605,3,R10605,3,4,5,3,5,100,24
1610601,3,R10601,3,1,5,4,3,1,47
1610629,4,R10629,3,1,5,2,4,1000,24
1610613,4,R10613,3,1,5,2,3,100,24
1610619,0,R10619,5,3,3,3,3,5,47
1610630,3,R10630,3,4,5,4,5,500,24
1610609,3,R10609,3,1,5,3,3,100,24
1610627,1,R10627,2,1,1,3,3,100,24
1610621,4,R10621,3,1,5,2,3,100,47
1610604,4,R10604,3,1,5,2,1,5,24
1610610,3,R10610,3,2,5,2,4,100,24
1610625,4,R10625,3,1,5,2,4,5,47
1610611,1,R10611,2,2,3,4,5,613,309
1610623,3,R10623,3,1,5,1,3,100,24
1610607,1,R10607,1,1,3,3,4,100,24
1610624,1,R10624,3,2,4,3,4,100,24
1610620,1,R10620,5,3,5,1,2,100,24
1610606,1,R10606,1,1,1,1,3,97,78
1610617,2,R10617,1,4,5,2,3,100,24
1610615,3,R10615,3,1,5,5,4,5,24
1610329,5,R10329,3,1,5,2,5,100,47
1610308,2,R10308,2,1,5,5,3,100,24
1610306,4,R10306,3,1,5,2,1,100,3
1610312,3,R10312,3,1,2,2,3,100,24
1610330,5,R10330,3,1,5,2,5,100,24
1610310,3,R10310,3,2,1,2,5,100,24
1610315,3,R10315,3,1,2,2,3,5,47
1610328,4,R10328,3,1,5,2,1,5,47
1610318,0,R10318,4,4,4,4,2,100,30
1610303,1,R10303,4,3,5,1,1,100,24
1610327,4,R10327,3,1,5,2,3,5,24
1610323,3,R10323,3,4,5,2,4,10,24
1610324,5,R10324,3,1,5,2,5,5,8
1610322,2,R10322,5,1,5,5,3,500,24
1610302,5,R10302,3,1,5,2,5,5,47
1610304,4,R10304,3,1,5,4,5,5,24
1610325,2,R10325,5,1,5,4,3,100,12
1610313,3,R10313,3,1,5,3,2,100,24
1610320,2,R10320,4,3,5,2,2,100,24
1610311,3,R10311,3,1,5,1,3,100,24
1610301,1,R10301,4,3,4,2,4,100,36
1610305,3,R10305,2,1,5,2,4,100,24
1610319,1,R10319,3,3,2,4,4,2082,8493843
1610309,2,R10309,3,2,5,4,1,100,24
1610331,5,R10331,3,1,5,2,5,100,24
1610326,4,R10326,3,1,5,2,1,100,24
1610317,1,R10317,5,3,3,2,2,5,24
1610307,5,R10307,3,1,5,2,5,100,6
1610316,5,R10316,3,1,5,2,5,100,16
1610314,1,R10314,1,3,5,4,4,100,24
1610202,3,R10202,3,4,5,2,1,5,28
1610213,3,R10213,3,1,5,4,4,500,12
1610230,3,R10230,3,4,5,2,2,100,24
1610218,4,R10218,3,1,5,2,1,100,100
1610223,0,R10223,5,2,1,1,2,32,2
1610222,4,R10222,3,1,5,2,4,500,12
1610212,1,R10212,3,3,3,3,3,1000,12
1610229,1,R10229,3,3,3,4,2,5,24
1610206,3,R10206,3,4,5,2,1,100,40
1610208,1,R10208,3,5,3,4,3,100,24
1610232,1,R10232,3,4,4,5,1,44,48
1610225,3,R10225,3,1,5,1,2,5,12
1610215,3,R10215,3,1,5,3,4,100,24
1610217,2,R10217,5,2,5,2,4,80,24
1610201,2,R10201,3,1,1,3,2,100,12
1610216,3,R10216,3,5,5,2,4,100,24
1610205,5,R10205,3,1,5,2,5,100,47
1610224,2,R10224,3,3,5,5,4,100,47
1610207,4,R10207,3,1,5,2,3,5,47
1610231,0,R10231,2,4,4,4,2,100,12
1610204,4,R10204,3,1,5,2,3,100,24
1610211,1,R10211,3,4,2,3,4,100,28
1610227,1,R10227,3,3,2,5,3,100,24
1610214,5,R10214,3,1,5,2,5,100,12
1610228,5,R10228,3,1,5,2,5,100,36
1610220,0,R10220,1,3,3,4,4,44,43554
1610210,3,R10210,3,1,5,4,2,100,24
2610113,2,E10113,3,2,5,1,4,100,24
2610105,1,E10105,4,2,5,4,1,100,24
2610103,1,E10103,2,5,5,3,4,100,24
2610118,2,E10118,1,3,5,4,5,100,24
2610111,3,E10111,3,2,5,3,5,100,24
2610108,1,E10108,5,3,5,3,1,100,80
2610104,2,E10104,3,2,3,2,4,100,44
2610117,4,E10117,3,1,5,2,1,5,16
2610106,4,E10106,3,1,5,4,5,100,24
2610116,5,E10116,3,1,5,2,5,100,24
2610102,1,E10102,3,3,3,3,3,500,24
2610114,2,E10114,3,2,5,1,4,100,24
2610107,1,E10107,3,3,3,1,1,100,24
2610218,4,E10218,3,1,5,2,3,100,24
2610213,3,E10213,1,1,5,4,5,100,5
2610205,1,E10205,2,2,2,2,2,2312312,12312
2610208,1,E10208,3,3,3,3,3,3,3
2610219,1,E10219,5,3,5,4,3,100,24
2610209,4,E10209,3,1,5,3,5,100,24
2610201,5,E10201,3,1,5,2,5,100,47
2610206,1,E10206,1,1,1,1,1,500,24
2610217,3,E10217,3,2,5,2,3,100,24
2610216,3,E10216,3,1,5,4,1,100,47
2610203,1,E10203,5,4,5,4,3,100,24
2610202,5,E10202,3,1,5,2,5,100,24
2610204,1,E10204,3,4,3,4,3,1000,24
2610212,2,E10212,3,2,5,1,2,100,24
2610215,1,E10215,2,4,5,1,4,100,24
2610307,4,E10307,3,3,5,2,5,100,24
2610304,1,E10304,5,4,3,2,1,43,23
2610313,1,E10313,2,3,5,1,1,100,24
2610311,1,E10311,5,4,3,4,5,100,24
2610306,1,E10306,4,2,5,4,4,10,2
2610317,3,E10317,3,1,5,3,3,100,24
2610316,3,E10316,3,1,5,3,1,100,24
2610305,2,E10305,1,1,2,2,2,32,6
2610312,3,E10312,3,1,5,4,3,100,24
2610310,3,E10310,3,4,5,2,1,100,24
2610314,2,E10314,1,1,3,2,4,100,76
2610318,4,E10318,3,1,5,2,3,100,24
2610302,2,E10302,4,3,5,2,4,12,11
2610308,1,E10308,3,5,2,3,2,5,24
2610301,1,E10301,5,2,4,2,4,100,24
2610303,1,E10303,4,2,5,4,3,100,24
2610315,2,E10315,3,2,4,2,4,100,24
2610309,0,E10309,0,0,0,0,0,0,0
2610409,1,E10409,3,2,2,4,3,100,24
2610411,4,E10411,3,3,5,2,5,100,96
2610414,4,E10414,4,1,5,2,5,100,24
2610418,4,E10418,3,1,5,2,4,100,24
2610404,3,E10404,3,1,5,3,1,100,24
2610412,3,E10412,3,4,5,2,2,100,24
2610408,4,E10408,3,1,5,2,4,100,29
2610410,3,E10410,3,1,5,4,3,100,24
2610405,2,E10405,3,4,5,3,4,100,5
2610401,3,E10401,3,1,5,4,1,100,24
2610407,0,E10407,2,3,3,3,3,10,24
2610415,1,E10415,5,5,1,2,3,100,24
2610417,4,E10417,3,1,5,2,4,1,1
2610413,1,E10413,2,3,3,2,1,100,24
2610403,2,E10403,5,5,5,5,5,20,24
2610402,2,E10402,3,4,3,1,5,100,24
2610416,1,E10416,1,3,5,1,4,100,38
2210708,1,Q10708,2,2,5,4,3,666,666
2210706,5,Q10706,3,1,5,2,5,100,47
2210720,2,Q10720,5,3,5,2,3,100,24
2210704,1,Q10704,3,2,3,4,3,100,24
2210726,1,Q10726,4,4,5,4,3,1,2
2210716,5,Q10716,3,1,5,2,5,100,24
2210707,2,Q10707,3,1,4,4,3,8282,2828
2210705,3,Q10705,3,3,5,2,1,100,24
2210712,1,Q10712,3,3,3,4,2,20,23
2210711,1,Q10711,3,4,3,4,3,1,7
2210703,1,Q10703,2,4,5,1,2,100,24
2210723,2,Q10723,3,4,5,3,1,100,24
2210721,1,Q10721,3,2,3,3,1,0,48
2210709,1,Q10709,3,3,3,3,3,12,54
2210710,1,Q10710,3,4,1,5,1,12,42
2210719,2,Q10719,3,2,5,3,4,999,999
2210713,1,Q10713,3,3,4,3,3,5,24
2210717,2,Q10717,3,3,3,2,3,0,0
2210714,1,Q10714,5,3,4,2,3,1,3
2210702,5,Q10702,3,1,5,2,5,5,47
2210715,1,Q10715,3,4,1,5,2,100,24
2210727,3,Q10727,3,4,5,2,1,100,24
2210718,0,Q10718,1,3,3,3,3,100,24
2210722,4,Q10722,3,1,5,2,1,100,24
2210510,2,Q10510,2,2,5,2,1,5,24
2210502,4,Q10502,3,1,5,2,1,100,24
2210516,3,Q10516,3,4,5,2,3,100,999
2210521,5,Q10521,3,1,5,2,5,5,47
2210503,4,Q10503,3,1,5,2,1,100,12
2210520,4,Q10520,3,1,5,4,5,100,24
2210509,3,Q10509,2,5,5,2,5,100,24
2210523,5,Q10523,3,1,5,2,5,100,24
2210504,1,Q10504,2,3,3,4,5,100,24
2210508,3,Q10508,3,3,5,2,4,100,24
2210511,1,Q10511,2,2,3,3,5,100,24
2210505,5,Q10505,3,1,5,2,5,5,47
2210515,4,Q10515,3,4,5,2,5,5,24
2210506,5,Q10506,3,1,5,2,5,5,24
2210513,3,Q10513,3,2,5,2,1,100,24
2210512,1,Q10512,2,2,5,3,1,100,50
2210522,0,Q10522,4,3,3,4,3,100,24
2210501,4,Q10501,3,2,5,2,5,100,24
2210514,1,Q10514,4,4,5,4,3,100,24
2210518,1,Q10518,3,4,2,3,4,100,24
2210507,2,Q10507,3,3,5,4,3,100,24
2210519,5,Q10519,3,1,5,2,5,100,24
2210517,0,Q10517,1,2,3,4,4,100,24
2210308,2,Q10308,3,2,5,4,4,100,24
2210314,1,Q10314,3,3,3,3,3,3,24
2210313,3,Q10313,2,4,5,2,5,5,24
2210321,0,Q10321,5,4,3,5,1,100,24
2210312,3,Q10312,3,2,5,2,1,100,24
2210320,2,Q10320,3,3,3,4,5,100,24
2210322,4,Q10322,3,4,5,2,5,125,24
2210317,2,Q10317,4,3,3,2,5,100,25
2210306,1,Q10306,2,2,2,2,2,100,28
2210307,3,Q10307,4,1,5,2,3,100,24
2210303,5,Q10303,3,1,5,2,5,5,47
2210304,5,Q10304,3,1,5,2,5,5,47
2210319,1,Q10319,2,5,1,4,5,100000,3
2210318,1,Q10318,3,3,3,3,3,100,48
2210310,5,Q10310,3,1,5,2,5,100,47
2210325,0,Q10325,5,4,3,4,1,100,365
2210305,1,Q10305,2,2,3,2,2,1,47
2210316,2,Q10316,5,2,5,2,1,30,24
2210311,2,Q10311,4,5,5,2,3,100,24
2210324,3,Q10324,2,1,5,2,4,100,24
2210309,5,Q10309,3,1,5,2,5,5,47
2210302,4,Q10302,5,1,5,2,5,5,24
2210315,4,Q10315,3,1,5,2,4,100,47
2210323,2,Q10323,3,1,4,5,2,100,24
2210301,0,Q10301,5,2,3,5,4,100,24
2210405,2,Q10405,4,4,5,2,4,100,28
2210403,2,Q10403,5,4,5,2,3,1,24
2210404,3,Q10404,3,4,5,2,4,100,24
2210424,2,Q10424,3,4,5,4,4,100,24
2210411,4,Q10411,3,1,5,2,4,1,24
2210415,1,Q10415,4,2,5,5,3,50,24
2210402,4,Q10402,3,1,5,2,4,100,24
2210409,4,Q10409,3,1,5,2,1,100,24
2210401,4,Q10401,3,1,5,2,1,5,24
2210410,4,Q10410,3,3,5,2,5,100,24
2210407,3,Q10407,3,4,5,2,3,100,152
2210406,1,Q10406,3,2,3,4,1,100,7
2210408,4,Q10408,3,1,5,2,3,5,47
2210414,3,Q10414,1,1,5,2,3,500,47
2210418,4,Q10418,3,1,5,2,3,100,24
2210420,5,Q10420,3,1,5,2,5,500,36
2210419,2,Q10419,3,4,5,3,1,100,1
2210417,2,Q10417,3,3,5,1,1,100,24
2210425,1,Q10425,3,3,3,4,2,100,12
2210416,5,Q10416,3,1,5,2,5,5,8
2210412,1,Q10412,3,4,2,3,3,100,96
2210422,3,Q10422,4,1,5,2,4,100,24
2210423,3,Q10423,3,3,5,2,1,100,24
2210413,1,Q10413,2,3,5,4,1,100,24
2220710,5,Q20710,3,1,5,2,5,5,24
2220705,5,Q20705,3,1,5,2,5,100,36
2220711,4,Q20711,3,1,5,2,2,100,3
2220707,5,Q20707,3,1,5,2,5,100,24
2220709,4,Q20709,5,1,5,2,5,20,12
2220718,2,Q20718,5,2,5,2,4,1000,24
2220714,4,Q20714,3,1,5,2,1,100,36
2220721,4,Q20721,3,1,5,2,3,100,24
2220723,1,Q20723,4,4,5,3,2,100,12
2220717,3,Q20717,3,2,5,2,1,100,12
2220720,1,Q20720,1,3,3,2,3,100,24
2220708,5,Q20708,3,1,5,2,5,100,36
2220713,2,Q20713,4,3,5,2,4,100,24
2220706,5,Q20706,3,1,5,2,5,100,32
2220704,3,Q20704,2,4,5,2,5,100,24
2220701,5,Q20701,3,1,5,2,5,100,47
2220703,3,Q20703,3,2,2,2,5,100,47
2220715,2,Q20715,3,3,5,3,3,100,36
2220716,1,Q20716,2,4,5,3,3,50,12
2220702,2,Q20702,3,2,4,2,3,100,24
2220719,3,Q20719,3,4,5,2,3,100,24
2220317,0,Q20317,5,5,4,5,3,23415,155
2220324,0,Q20324,0,0,0,0,0,0,0
2220321,0,Q20321,1,2,2,1,2,100,99
2220302,3,Q20302,3,4,5,2,3,34,5
2220316,0,Q20316,2,4,2,3,4,100,24
2220323,0,Q20323,0,0,0,0,0,0,0
2220314,5,Q20314,3,1,5,2,5,5,47
2220322,2,Q20322,3,4,3,2,4,50,24
2220313,5,Q20313,3,1,5,2,5,5,47
2220307,4,Q20307,3,1,5,2,3,5,24
2220312,2,Q20312,3,2,5,4,3,5,47
2220304,3,Q20304,3,3,5,2,1,100,24
2220318,5,Q20318,3,1,5,2,5,5,21
2220308,5,Q20308,3,1,5,2,5,100,12
2220306,2,Q20306,3,4,3,2,3,1,12
2220315,0,Q20315,4,4,3,4,1,100,24
2220301,3,Q20301,3,5,5,2,3,100,24
2220310,3,Q20310,3,4,5,2,4,50,24
2220320,5,Q20320,3,1,5,2,5,1,47
2220309,1,Q20309,5,3,5,4,4,100,24
2220305,2,Q20305,3,4,5,4,1,5,25
2220319,5,Q20319,3,1,5,2,5,1,47
2220311,1,Q20311,1,1,1,1,1,1,1
2220303,1,Q20303,3,3,3,3,3,1,1
2220506,2,Q20506,4,3,5,2,1,20,47
2220504,0,Q20504,1,4,4,4,3,100,24
2220509,3,Q20509,3,1,5,4,1,5,24
2220521,0,Q20521,4,3,1,3,4,100,46
2220512,2,Q20512,4,3,5,2,3,100,24
2220502,1,Q20502,3,3,2,4,4,10000000,90
2220523,2,Q20523,3,3,5,4,3,100,24
2220508,1,Q20508,3,3,2,5,3,100,24
2220516,0,Q20516,4,3,1,1,4,100,7
2220501,5,Q20501,3,1,5,2,5,5,1234
2220507,1,Q20507,3,2,1,3,2,100,47
2220510,3,Q20510,3,4,3,2,5,5,24
2220503,2,Q20503,5,4,5,2,3,500,24
2220514,5,Q20514,3,1,5,2,5,5,12
2220505,5,Q20505,3,1,5,2,5,100,24
2220518,3,Q20518,3,2,5,2,4,100,24
2220511,2,Q20511,3,1,2,4,1,100,24
2220515,1,Q20515,2,4,1,2,4,232,23
2220513,2,Q20513,3,4,5,4,3,100,12
2220522,2,Q20522,3,4,5,4,3,100,24
2220519,4,Q20519,3,1,5,2,1,100,6
2220517,1,Q20517,3,3,3,3,3,100,24
2220823,0,Q20823,2,3,3,4,3,100,46
2220806,3,Q20806,3,3,5,2,1,5,47
2220802,0,Q20802,4,3,3,3,3,100,24
2220814,1,Q20814,4,3,3,5,5,4,123
2220822,0,Q20822,4,3,2,4,4,2,5
2220813,2,Q20813,3,3,3,3,5,1,2
2220803,4,Q20803,3,1,5,2,1,5,47
2220815,2,Q20815,4,5,5,5,5,100,24
2220809,1,Q20809,4,4,5,4,4,100,24
2220808,1,Q20808,3,5,2,3,1,40,24
2220807,2,Q20807,3,3,5,1,1,5,47
2220816,2,Q20816,1,3,5,2,3,5,47
2220818,2,Q20818,2,3,5,2,4,100,47
2220810,1,Q20810,4,4,5,5,4,100,24
2220817,1,Q20817,2,3,5,1,4,100,100
2220819,3,Q20819,3,3,5,2,4,0,24
2220811,4,Q20811,3,1,5,2,1,5,47
2220820,0,Q20820,4,3,4,4,4,4,4
2220804,0,Q20804,4,4,4,4,4,100,24
2220812,3,Q20812,3,4,5,2,3,5,47
2310228,4,J10228,3,1,5,2,1,5,47
2310226,3,J10226,3,1,5,1,3,100,24
2310204,0,J10204,1,4,1,1,2,100,24
2310224,2,J10224,3,2,5,1,3,100,24
2310218,4,J10218,3,1,5,2,3,100,24
2310206,5,J10206,3,1,5,2,5,100,24
2310201,1,J10201,3,3,2,4,4,3,8
2310227,0,J10227,4,3,4,3,4,100,24
2310215,5,J10215,3,1,5,2,5,100,24
2310221,1,J10221,3,3,3,3,2,100,3
2310216,0,J10216,2,2,3,1,4,100,24
2310220,4,J10220,2,1,5,2,5,100,24
2310222,4,J10222,3,1,5,4,5,5,12
2310213,3,J10213,3,2,5,2,3,100,24
2310219,3,J10219,2,4,5,2,5,100,24
2310207,0,J10207,2,4,3,4,1,100,24
2310209,1,J10209,2,2,5,4,4,100,24
2310223,2,J10223,3,3,5,4,1,100,12
2310214,2,J10214,1,2,5,2,3,100,24
2310205,5,J10205,3,1,5,2,5,100,47
2310202,4,J10202,3,3,5,2,5,100,12
2310211,3,J10211,3,2,5,5,5,100,1
2310229,5,J10229,3,1,5,2,5,5,47
2310212,5,J10212,3,1,5,2,5,100,12
2310210,3,J10210,2,2,5,2,5,100,24
2310203,4,J10203,3,2,5,2,5,100,24
2310217,2,J10217,5,4,5,2,3,100,48
2310208,3,J10208,3,3,5,2,3,100,24
2310323,2,J10323,3,4,5,4,3,100,12
2310314,3,J10314,3,4,5,4,5,100,24
2310306,2,J10306,1,1,2,2,1,200,6
2310329,3,J10329,3,1,5,1,4,100,24
2310309,5,J10309,3,1,5,2,5,100,24
2310326,5,J10326,3,1,5,2,5,100,24
2310313,5,J10313,3,1,5,2,5,100,24
2310302,1,J10302,3,4,4,3,3,100,24
2310312,4,J10312,3,1,5,4,5,60,12
2310305,4,J10305,3,4,5,2,5,100,24
2310315,5,J10315,3,1,5,2,5,100,24
2310311,1,J10311,2,2,3,2,4,200,0
2310324,3,J10324,3,1,5,5,3,100,24
2310322,5,J10322,3,1,5,2,5,100,47
2310304,3,J10304,3,4,2,2,5,5,24
2310319,4,J10319,3,1,5,2,2,20,24
2310317,2,J10317,1,4,5,2,2,100,24
2310327,0,J10327,2,2,1,1,1,90,24
2310301,2,J10301,4,5,5,2,3,36,38
2310310,2,J10310,2,4,5,2,3,100,24
2310318,1,J10318,5,4,5,4,3,100,24
2310307,0,J10307,4,3,3,3,3,100,24
2310316,1,J10316,3,3,2,4,3,5,24
2310320,2,J10320,3,4,3,2,3,100,3
2310303,4,J10303,3,1,5,2,3,20,24
2310328,3,J10328,3,1,5,3,4,12,5
2310308,3,J10308,3,4,5,2,3,100,24
2310321,4,J10321,3,1,5,2,3,1,47
2310325,4,J10325,5,1,5,2,5,20,24
2310803,2,J10803,3,5,5,4,1,100,24
2310804,3,J10804,3,3,5,2,3,100,48
2310813,4,J10813,3,1,5,3,5,100,12
2310806,1,J10806,1,3,3,3,5,100,24
2310815,1,J10815,5,2,5,3,4,0,0
2310827,5,J10827,3,1,5,2,5,5,24
2310822,0,J10822,2,3,1,4,1,20,24
2310817,3,J10817,3,2,5,4,5,100,24
2310802,4,J10802,3,2,5,2,5,100,24
2310816,2,J10816,3,5,5,4,4,100,24
2310801,4,J10801,3,5,5,2,5,500,12
2310814,5,J10814,3,1,5,2,5,5,24
2310809,1,J10809,1,3,1,1,5,25,76
2310807,4,J10807,3,2,5,2,5,100,24
2310821,4,J10821,3,4,5,2,5,100,12
2310818,5,J10818,3,1,5,2,5,100,16
2310829,1,J10829,4,2,5,1,4,100,24
2310805,4,J10805,3,3,5,2,5,5,47
2310828,4,J10828,3,2,5,2,5,100,36
2310830,5,J10830,3,1,5,2,5,100,12
2310810,4,J10810,3,5,5,2,5,5,24
2310826,3,J10826,2,3,5,2,5,100,24
2310824,1,J10824,3,2,4,4,3,100,24
2311018,5,J11018,3,1,5,2,5,5,47
2311023,3,J11023,5,5,5,2,5,100,4
2311013,1,J11013,4,4,5,3,1,100,24
2311024,1,J11024,4,3,2,4,5,100,24
2311001,5,J11001,3,1,5,2,5,100,24
2311008,1,J11008,5,5,4,2,4,100,24
2311027,3,J11027,3,1,5,1,1,100,47
2311006,1,J11006,5,3,3,4,5,50000,50
2311010,4,J11010,3,1,5,1,5,5,47
2311022,5,J11022,3,1,5,2,5,100,96
2311016,2,J11016,3,2,5,4,3,4,4
2311014,1,J11014,3,4,3,3,2,20,24
2311003,1,J11003,1,2,3,4,5,100,24
2311026,5,J11026,3,1,5,2,5,100,47
2311025,4,J11025,3,2,5,2,5,100,47
2311009,5,J11009,3,1,5,2,5,100,12
2311004,1,J11004,1,1,1,1,1,0,0
2311028,5,J11028,3,1,5,2,5,5,47
2311011,5,J11011,3,1,5,2,5,100,24
2311019,1,J11019,5,3,5,3,2,100,24
2311021,5,J11021,3,1,5,2,5,100,24
2311029,0,J11029,5,2,3,3,4,100,14
2311005,5,J11005,3,1,5,2,5,100,24
2311015,5,J11015,3,1,5,2,5,100,24
1210411,3,P10411,5,2,5,2,5,100,24
1210420,2,P10420,5,3,5,2,2,0,0
1210414,4,P10414,3,1,5,2,1,5,28
1210415,5,P10415,3,1,5,2,5,5,36
1210406,4,P10406,3,1,5,2,1,100,2
1210403,2,P10403,4,2,5,2,1,100,24
1210409,4,P10409,3,1,2,2,5,100,24
1210404,4,P10404,3,1,5,2,4,5,0
1210424,1,P10424,2,4,5,4,1,100,12
1210412,4,P10412,3,3,5,2,5,50,24
1210413,0,P10413,1,3,2,5,2,100,2
1210418,4,P10418,3,3,5,2,5,5,47
1210405,5,P10405,3,1,5,2,5,100,24
1210410,4,P10410,3,3,5,2,5,5,24
1210402,2,P10402,4,2,5,2,4,100,12
1210408,5,P10408,3,1,5,2,5,5,12
1210401,2,P10401,1,1,5,1,1,5,47
1210419,5,P10419,3,1,5,2,5,5,24
1210425,0,P10425,2,2,3,4,1,3333,24
1210423,5,P10423,3,1,5,2,5,5,24
1210407,5,P10407,3,1,5,2,5,100,36
1210417,1,P10417,2,3,5,4,4,100,28
1210207,4,P10207,3,1,5,2,4,100,12
1210215,3,P10215,3,1,1,2,4,100,24
1210206,2,P10206,4,3,5,4,5,100,24
1210214,1,P10214,2,2,5,1,3,100,24
1210209,5,P10209,3,1,5,2,5,100,12
1210208,3,P10208,2,1,5,2,4,100,24
1210219,5,P10219,3,1,5,2,5,100,24
1210210,3,P10210,5,4,5,2,5,20,24
1210205,4,P10205,3,1,5,4,5,5,12
1210220,5,P10220,3,1,5,2,5,5,24
1210217,0,P10217,5,2,4,1,4,100,21
1210218,4,P10218,3,3,5,2,5,100,5
1210212,0,P10212,1,2,3,4,2,30,6
1210216,1,P10216,3,4,3,3,3,100,24
1210221,2,P10221,3,3,5,4,2,20,24
1210211,4,P10211,3,3,5,2,5,5,47
1210202,5,P10202,3,1,5,2,5,100,24
1210222,1,P10222,5,3,5,1,4,100,12
1210213,5,P10213,3,1,5,2,5,100,24
1210204,3,P10204,3,1,3,2,3,5,36
1210225,0,P10225,2,4,3,4,2,100,24
1210201,0,P10201,4,3,2,3,4,100,24
1210223,1,P10223,3,3,2,4,3,100,96
1210224,5,P10224,3,1,5,2,5,5,47
1210114,2,P10114,5,4,5,2,3,5,12
1210122,5,P10122,3,1,5,2,5,5,47
1210123,5,P10123,3,1,5,2,5,100,24
1210119,2,P10119,5,3,5,2,1,100,24
1210106,0,P10106,4,4,3,4,2,100,24
1210109,2,P10109,5,4,5,2,3,20,12
1210112,5,P10112,3,1,5,2,5,100,16
1210120,1,P10120,1,4,5,3,4,100,16
1210111,3,P10111,3,4,5,2,4,100,24
1210103,2,P10103,3,2,3,2,4,100,3
1210107,3,P10107,3,2,5,3,5,100,96
1210105,2,P10105,2,2,5,2,3,100,24
1210117,0,P10117,5,3,1,4,3,100,48
1210108,1,P10108,5,2,1,4,5,23,2
1210124,5,P10124,3,1,5,2,5,5,47
1210116,2,P10116,3,5,3,2,3,5,24
1210115,3,P10115,3,3,5,2,1,100,4
1210110,2,P10110,2,2,5,2,4,100,24
1210104,2,P10104,3,1,2,4,3,100,36
1210101,3,P10101,3,2,5,2,1,100,24
1210113,3,P10113,3,5,5,4,5,100,12
1210121,3,P10121,3,4,5,2,3,100,24
1210125,0,P10125,2,2,3,3,2,100,24
1210118,2,P10118,3,3,5,4,2,12,12
1210519,4,P10519,3,2,5,2,5,100,12
1210515,0,P10515,2,2,3,4,1,100,24
1210513,3,P10513,5,3,5,2,5,100,24
1210505,0,P10505,4,2,3,4,4,42567,4357
1210523,3,P10523,4,4,5,2,5,100,24
1210503,2,P10503,2,2,2,2,5,5,24
1210502,4,P10502,3,1,5,2,3,5,12
1210508,5,P10508,3,1,5,2,5,100,24
1210525,1,P10525,4,3,2,4,5,100,24
1210524,0,P10524,4,2,3,3,4,100,24
1210509,0,P10509,2,5,1,4,1,90,6
1210501,4,P10501,3,1,5,2,1,100,24
1210510,0,P10510,4,2,3,4,4,234,325436
1210507,5,P10507,3,1,5,2,5,5,12
1210512,3,P10512,3,4,5,4,5,100,24
1210514,3,P10514,3,3,4,2,5,5,24
1210506,3,P10506,3,1,5,3,2,5,12
1210511,1,P10511,2,3,5,4,3,5,24
1210504,3,P10504,1,1,1,2,5,500,24
1210521,3,P10521,3,4,5,2,1,100,16
1210520,3,P10520,3,4,5,2,3,100,8729
1210518,3,P10518,5,4,5,2,5,100,24
1210516,3,P10516,3,2,5,2,1,19,12
1210517,5,P10517,3,1,5,2,5,5,12
1410123,3,F10123,3,2,5,2,3,100,36
1410113,3,F10113,3,3,5,2,1,5,24
1410112,3,F10112,1,5,5,2,5,5,24
1410120,5,F10120,3,1,5,2,5,100,24
1410127,1,F10127,3,3,3,5,1,100,24
1410106,3,F10106,3,3,5,4,5,100,24
1410101,5,F10101,3,1,5,2,5,5,24
1410116,2,F10116,2,2,5,2,3,100,24
1410124,4,F10124,3,2,5,2,5,100,24
1410121,5,F10121,3,1,5,2,5,100,24
1410117,0,F10117,4,2,1,3,3,100,24
1410110,5,F10110,3,1,5,2,5,5,12
1410108,3,F10108,3,1,5,1,3,100,11
1410129,0,F10129,5,3,3,3,3,100,24
1410104,3,F10104,3,1,2,2,1,100,24
1410128,0,F10128,4,5,2,1,4,100,28
1410122,5,F10122,3,1,5,2,5,5,24
1410103,0,F10103,5,2,3,1,4,100,24
1410114,2,F10114,3,4,3,2,1,100,24
1410111,2,F10111,2,3,5,2,4,100,24
1410125,1,F10125,1,2,3,2,2,123456789,4848
1410107,3,F10107,2,4,5,2,5,100,24
1410119,3,F10119,3,2,5,2,2,100,24
1410421,1,F10421,2,4,3,2,2,100,24
1410409,2,F10409,4,5,5,2,4,100,12
1410420,0,F10420,4,3,3,5,1,100,12
1410410,5,F10410,3,1,5,2,5,100,24
1410416,2,F10416,2,4,5,2,1,100,24
1410402,2,F10402,3,1,2,3,2,20,24
1410417,4,F10417,3,4,5,2,5,100,24
1410414,4,F10414,3,1,5,2,3,5,12
1410412,3,F10412,3,4,5,2,4,1,12
1410404,1,F10404,3,3,3,3,3,11,11
1410426,4,F10426,3,1,5,2,4,20,24
1410407,5,F10407,3,1,5,2,5,100,24
1410419,1,F10419,5,4,3,2,3,100,22
1410423,2,F10423,1,1,5,1,4,100,24
1410408,4,F10408,3,1,5,2,1,100,24
1410411,3,F10411,3,4,5,2,2,100,24
1410428,3,F10428,3,1,5,1,2,20,24
1410401,4,F10401,3,5,5,2,5,5,47
1410413,3,F10413,3,4,5,2,1,20,12
1410406,3,F10406,3,5,5,2,4,100,24
1410422,1,F10422,5,2,5,3,3,100,12
1410424,4,F10424,3,1,5,2,3,100,36
1410427,5,F10427,3,1,5,2,5,100,47
1410425,3,F10425,3,2,5,2,1,100,24
1410415,1,F10415,4,3,4,2,1,5,24
1410403,4,F10403,3,1,5,2,2,100,5
1410726,1,F10726,2,4,3,2,4,100,24
1410718,3,F10718,3,4,5,2,1,100,24
1410715,5,F10715,3,1,5,2,5,100,24
1410723,4,F10723,3,1,5,2,1,5,7
1410720,4,F10720,3,1,5,2,2,100,96
1410709,3,F10709,3,1,1,2,3,100,28
1410722,3,F10722,3,2,5,3,5,5,24
1410706,1,F10706,3,3,1,3,1,100,24
1410719,4,F10719,3,1,2,2,5,100,24
1410702,3,F10702,3,2,5,2,4,100,24
1410716,5,F10716,3,1,5,2,5,100,24
1410712,1,F10712,1,5,5,5,2,5,24
1410703,2,F10703,3,3,5,1,1,5,24
1410714,3,F10714,3,2,5,2,3,100,24
1410708,4,F10708,3,2,5,2,5,100,12
1410725,4,F10725,3,1,5,2,1,100,16
1410704,4,F10704,3,1,5,2,3,0,100
1410705,3,F10705,3,1,5,4,3,100,24
1410701,4,F10701,3,2,5,2,5,100,8
1410713,3,F10713,3,2,5,2,1,100,24
1410724,3,F10724,3,3,5,2,2,100,24
1410707,3,F10707,3,1,5,4,3,100,12
1410717,3,F10717,3,4,5,2,1,100,24
1410801,1,F10801,1,2,2,2,1,1,1
1410803,1,F10803,2,3,3,2,3,20,18
1410821,2,F10821,4,3,5,2,1,100,24
1410805,5,F10805,3,1,5,2,5,100,24
1410808,3,F10808,3,1,5,1,2,100,24
1410809,2,F10809,3,2,5,1,4,5,12
1410811,5,F10811,3,1,5,2,5,100,47
1410802,1,F10802,4,3,5,3,3,100,24
1410813,5,F10813,3,1,5,2,5,5,24
1410818,4,F10818,4,1,5,2,5,5,24
1410822,2,F10822,4,3,5,2,1,100,24
1410827,1,F10827,3,4,2,3,4,100,24
1410807,4,F10807,3,1,5,2,3,100,24
1410814,4,F10814,3,3,5,2,5,25,24
1410817,2,F10817,3,2,3,2,2,100,48
1410816,2,F10816,3,2,5,4,1,5,12
1410825,3,F10825,1,1,5,2,3,100,24
1410804,0,F10804,1,2,2,4,2,100,24
1410812,4,F10812,3,2,5,2,5,100,24
1410815,3,F10815,3,2,5,3,5,100,24
1410820,5,F10820,3,1,5,2,5,100,24
1410810,3,F10810,1,2,5,2,5,5,47
1410824,3,F10824,3,3,5,2,2,100,47
1220512,4,P20512,3,1,5,2,3,5,24
1220515,0,P20515,2,3,3,3,3,5,24
1220518,4,P20518,3,4,5,2,5,5,47
1220513,2,P20513,3,2,5,3,1,5,24
1220520,4,P20520,3,1,5,2,2,5,8
1220505,3,P20505,3,3,4,2,5,7,3
1220507,1,P20507,2,4,2,2,4,5,24
1220504,1,P20504,3,3,4,4,3,1,2
1220517,5,P20517,3,1,5,2,5,5,47
1220514,0,P20514,1,2,1,1,1,100,24
1220510,2,P20510,3,4,5,4,4,100,24
1220516,3,P20516,3,3,5,2,3,100,24
1220521,3,P20521,3,4,5,5,5,5,32
1220503,1,P20503,3,3,1,4,4,5,666666
1220501,2,P20501,3,4,3,2,2,5,47
1220508,1,P20508,4,4,5,4,1,100,24
1220509,5,P20509,3,1,5,2,5,5,24
1220519,2,P20519,3,2,5,4,2,30,12
1220506,3,P20506,3,4,5,2,3,69,6
1220522,1,P20522,3,4,2,4,3,100,24
1220106,2,P20106,2,4,5,2,3,100,24
1220110,2,P20110,3,4,5,1,4,1,24
1220104,2,P20104,2,4,5,2,1,100,24
1220119,4,P20119,3,1,5,2,4,5,24
1220107,4,P20107,3,1,5,2,1,5,24
1220116,1,P20116,3,3,3,1,3,100,24
1220123,3,P20123,3,3,5,2,2,100,24
1220114,3,P20114,3,2,5,2,3,5,47
1220111,5,P20111,3,1,5,2,5,5,47
1220102,1,P20102,2,4,5,4,2,47,24
1220112,3,P20112,3,1,2,2,4,5,47
1220115,5,P20115,3,1,5,2,5,400,47
1220103,1,P20103,2,3,5,4,1,100,24
1220120,4,P20120,3,1,5,2,3,5,24
1220113,1,P20113,4,3,5,3,2,100,24
1220122,4,P20122,3,4,5,2,5,100,24
1220108,1,P20108,1,4,5,1,3,5,24
1220101,5,P20101,3,1,5,2,5,5,47
1220118,4,P20118,3,3,5,2,5,5,24
1220117,2,P20117,3,4,5,4,2,100,24
1220109,0,P20109,1,5,2,1,2,100,96
1220121,4,P20121,3,1,5,2,2,100,24
1220312,1,P20312,4,4,5,3,4,3,4
1220310,1,P20310,1,3,2,2,3,100,24
1220314,2,P20314,4,2,5,2,4,5,24
1220303,1,P20303,1,1,1,1,1,5,123456789
1220311,5,P20311,3,1,5,2,5,5,47
1220302,5,P20302,3,1,5,2,5,5,47
1220315,2,P20315,5,3,5,1,5,100,24
1220319,4,P20319,3,1,5,2,1,100,24
1220321,1,P20321,5,3,4,2,3,100,24
1220307,1,P20307,4,4,5,4,3,5,24
1220322,0,P20322,2,4,3,4,2,100,24
1220318,4,P20318,3,1,5,2,4,5,47
1220313,3,P20313,4,3,5,2,5,25,24
1220305,1,P20305,5,3,4,2,4,100,12
1220301,2,P20301,3,2,5,1,4,5,47
1220317,1,P20317,3,3,3,3,3,100,5
1220320,2,P20320,3,3,5,5,3,5,24
1220309,3,P20309,1,1,5,2,1,100,24
1220316,5,P20316,3,1,5,2,5,5,24
1220306,5,P20306,3,1,5,2,5,5,47
1220304,4,P20304,3,1,5,2,1,5,47
1220209,4,P20209,3,1,5,2,1,100,12
1220218,5,P20218,3,1,5,2,5,5,12
1220223,2,P20223,5,2,5,2,3,100,48
1220208,1,P20208,3,4,1,4,3,100,24
1220217,4,P20217,3,1,5,2,1,5,47
1220206,2,P20206,5,2,5,4,5,100,24
1220216,4,P20216,3,1,5,2,1,5,47
1220215,2,P20215,4,3,5,2,3,100,12
1220222,0,P20222,2,5,4,1,4,10,12
1220214,4,P20214,3,1,5,2,2,100,32
1220219,2,P20219,3,1,2,1,1,100,24
1220220,2,P20220,1,2,5,2,4,100,47
1220203,4,P20203,3,1,5,2,3,5,47
1220202,5,P20202,3,1,5,2,5,5,47
1220211,0,P20211,5,3,3,1,1,100,24
1220210,1,P20210,2,2,5,3,3,100,24
1220204,3,P20204,3,1,5,5,1,100,96
1220201,5,P20201,3,1,5,2,5,100,24
1220221,2,P20221,3,4,3,2,3,100,24
1220212,4,P20212,3,1,5,2,2,5,47
1510208,5,M10208,3,1,5,2,5,100,8
1510201,4,M10201,3,2,5,2,5,100,24
1510223,3,M10223,3,1,4,3,5,100,24
1510233,1,M10233,4,3,5,3,2,100,24
1510204,3,M10204,3,1,5,3,4,100,24
1510205,5,M10205,3,1,5,2,5,100,24
1510222,3,M10222,1,1,5,2,4,100,24
1510220,5,M10220,3,1,5,2,5,100,12
1510224,4,M10224,3,1,5,2,1,100,24
1510212,4,M10212,3,1,5,2,1,100,24
1510227,1,M10227,5,3,5,3,2,4,24
1510229,4,M10229,4,1,5,2,5,100,24
1510215,5,M10215,3,1,5,2,5,100,16
1510203,5,M10203,3,1,5,2,5,100,24
1510211,5,M10211,3,1,5,2,5,100,24
1510210,4,M10210,3,1,5,2,3,100,24
1510232,2,M10232,3,4,3,4,5,100,24
1510202,2,M10202,3,2,4,4,5,100,24
1510230,2,M10230,3,2,5,4,3,100,24
1510231,2,M10231,3,2,1,4,5,20,24
1510207,4,M10207,3,4,5,2,5,100,24
1510206,2,M10206,2,2,5,2,3,100,24
1510225,5,M10225,3,1,5,2,5,20,24
1510213,4,M10213,5,1,5,2,5,100,24
1510218,5,M10218,3,1,5,2,5,100,40
1510216,5,M10216,3,1,5,2,5,100,47
1510217,3,M10217,3,1,5,1,3,100,24
1510221,3,M10221,3,1,5,3,1,100,12
1510214,2,M10214,4,1,5,4,2,100,24
1510209,4,M10209,3,1,1,2,5,100,24
1510219,2,M10219,5,2,5,2,4,1,24
1510316,5,M10316,3,1,5,2,5,100,24
1510304,3,M10304,3,1,5,1,4,20,47
1510310,3,M10310,3,1,5,4,1,100,47
1510320,5,M10320,3,1,5,2,5,100,24
1510330,5,M10330,3,1,5,2,5,100,24
1510327,4,M10327,3,2,5,2,5,100,242
1510312,5,M10312,3,1,5,2,5,100,47
1510319,3,M10319,3,1,5,5,4,20,24
1510306,5,M10306,3,1,5,2,5,100,24
1510315,5,M10315,3,1,5,2,5,5,47
1510301,5,M10301,3,1,5,2,5,5,24
1510331,5,M10331,3,1,5,2,5,100,24
1510313,5,M10313,3,1,5,2,5,100,24
1510311,5,M10311,3,1,5,2,5,100,24
1510302,5,M10302,3,1,5,2,5,5,24
1510305,1,M10305,4,3,5,4,4,100,24
1510333,3,M10333,3,3,5,2,3,100,24
1510329,4,M10329,3,1,5,4,5,100,24
1510328,5,M10328,3,1,5,2,5,100,24
1510307,5,M10307,3,1,5,2,5,100,24
1510308,4,M10308,4,1,5,2,5,100,24
1510309,5,M10309,3,1,5,2,5,100,24
1510332,5,M10332,3,1,5,2,5,100,16
1510314,3,M10314,3,4,5,2,2,100,12
1510326,4,M10326,3,2,5,2,5,100,24
1510317,3,M10317,3,4,5,4,5,10,24
1510318,3,M10318,3,1,2,2,1,100,24
1510325,3,M10325,3,3,5,2,4,100,24
1510322,5,M10322,3,1,5,2,5,100,24
1510321,4,M10321,3,1,5,2,4,100,24
1510324,5,M10324,3,1,5,2,5,100,12
1511020,5,M11020,3,1,5,2,5,5,24
1511008,3,M11008,3,2,5,4,5,500,24
1511028,4,M11028,3,1,5,2,2,100,24
1511009,2,M11009,3,2,5,4,2,100,24
1511023,5,M11023,3,1,5,2,5,100,24
1511004,4,M11004,3,1,5,2,3,100,24
1511015,5,M11015,3,1,5,2,5,100,6
1511013,2,M11013,3,3,4,4,5,20,12
1511001,4,M11001,3,3,5,2,5,100,24
1511003,5,M11003,3,1,5,2,5,100,47
1511014,5,M11014,3,1,5,2,5,100,24
1511002,5,M11002,3,1,5,2,5,100,24
1511026,5,M11026,3,1,5,2,5,100,24
1511005,5,M11005,3,1,5,2,5,100,6
1511021,5,M11021,3,1,5,2,5,100,6
1511007,5,M11007,3,1,5,2,5,100,47
1511022,4,M11022,3,2,5,2,5,100,24
1511030,4,M11030,3,1,5,5,5,100,24
1511016,5,M11016,3,1,5,2,5,100,24
1511010,4,M11010,3,1,5,4,5,100,6
1511024,3,M11024,3,1,3,5,5,100,24
1511006,5,M11006,3,1,5,2,5,100,6
1511019,5,M11019,3,1,5,2,5,5,24
1510609,5,M10609,3,1,5,2,5,100,12
1510625,4,M10625,3,1,5,2,1,100,12
1510627,3,M10627,3,2,5,2,1,100,12
1510601,4,M10601,3,4,5,2,5,100,24
1510610,3,M10610,3,4,5,2,2,100,24
1510626,5,M10626,3,1,5,2,5,5,16
1510628,5,M10628,3,1,5,2,5,5,12
1510619,5,M10619,3,1,5,2,5,100,24
1510622,5,M10622,3,1,5,2,5,100,24
1510607,4,M10607,3,1,5,3,5,100,24
1510620,5,M10620,3,1,5,2,5,5,47
1510621,3,M10621,3,2,5,2,2,100,24
1510602,5,M10602,3,1,5,2,5,100,24
1510614,4,M10614,3,2,5,2,5,100,24
1510604,5,M10604,3,1,5,2,5,100,24
1510606,1,M10606,3,3,3,3,3,100,24
1510624,4,M10624,3,1,5,2,1,100,24
1510613,5,M10613,3,1,5,2,5,100,24
1510630,1,M10630,3,4,4,4,1,100,24
1510603,5,M10603,3,1,5,2,5,5,47
1510623,3,M10623,3,2,5,2,1,1,6
1510611,4,M10611,3,1,5,4,5,100,24
1510616,4,M10616,3,2,5,2,5,20,7
1510615,5,M10615,3,1,5,2,5,100,24
1510612,0,M10612,5,5,3,4,1,100,24
1510629,4,M10629,3,1,5,5,5,100,24
2510501,4,K10501,3,1,5,2,4,5,47
2510507,4,K10507,3,1,5,2,1,100,24
2510509,3,K10509,3,1,1,4,5,5,47
2510518,5,K10518,3,1,5,2,5,100,24
2510524,4,K10524,3,1,5,2,4,100,24
2510521,2,K10521,5,2,5,2,1,5,47
2510503,3,K10503,2,2,5,2,5,100,12
2510505,3,K10505,3,1,1,2,4,5,24
2510511,5,K10511,3,1,5,2,5,5,47
2510531,5,K10531,3,1,5,2,5,100,24
2510508,4,K10508,3,1,5,2,1,100,24
2510519,5,K10519,3,1,5,2,5,5,6
2510516,5,K10516,3,1,5,2,5,100,47
2510514,5,K10514,3,1,5,2,5,100,24
2510529,4,K10529,3,1,2,2,5,100,24
2510504,4,K10504,3,1,5,2,1,5,24
2510506,4,K10506,3,2,5,2,5,100,24
2510513,2,K10513,4,2,5,2,4,100,24
2510515,5,K10515,3,1,5,2,5,20,12
2510512,2,K10512,2,4,5,2,4,5,23
2510525,5,K10525,3,1,5,2,5,5,12
2510528,5,K10528,3,1,5,2,5,100,12
2510502,2,K10502,4,2,5,3,5,20,12
2510526,5,K10526,3,1,5,2,5,100,24
2510532,5,K10532,3,1,5,2,5,100,24
2510520,3,K10520,3,2,5,2,3,100,24
2510527,5,K10527,3,1,5,2,5,100,24
2510530,5,K10530,3,1,5,2,5,5,12
2510523,5,K10523,3,1,5,2,5,100,47
2510522,4,K10522,3,1,2,2,5,100,12
2510510,4,K10510,3,1,5,1,5,100,12
2510709,0,K10709,,,,,,,
2510729,0,K10729,,,,,,,
2510724,0,K10724,,,,,,,
2510726,0,K10726,,,,,,,
2510712,0,K10712,,,,,,,
2510702,0,K10702,,,,,,,
2510721,0,K10721,,,,,,,
2510711,0,K10711,,,,,,,
2510719,0,K10719,,,,,,,
2510710,0,K10710,,,,,,,
2510718,0,K10718,,,,,,,
2510701,0,K10701,,,,,,,
2510720,0,K10720,,,,,,,
2510725,0,K10725,,,,,,,
2510716,0,K10716,,,,,,,
2510708,0,K10708,,,,,,,
2510705,0,K10705,,,,,,,
2510727,0,K10727,,,,,,,
2510717,0,K10717,,,,,,,
2510728,0,K10728,,,,,,,
2510730,0,K10730,,,,,,,
2510703,0,K10703,,,,,,,
2510714,0,K10714,,,,,,,
2510715,0,K10715,,,,,,,
UMMY1,0,DUMMY10101,,,,,,,
2510103,4,K10103,3,1,5,2,2,5,12
2510130,3,K10130,3,2,5,2,4,100,24
2510135,3,K10135,3,1,5,4,3,100,24
2510126,2,K10126,3,2,5,4,3,100,24
2510127,3,K10127,4,1,5,2,3,500,24
2510125,4,K10125,3,1,5,2,1,100,24
2510110,4,K10110,3,1,5,2,3,100,24
2510106,3,K10106,3,3,5,2,3,100,24
2510119,4,K10119,3,1,5,2,2,100,47
2510111,2,K10111,3,4,5,1,4,100,24
2510133,5,K10133,3,1,5,2,5,100,24
2510104,5,K10104,3,1,5,2,5,100,24
2510132,2,K10132,5,4,5,2,3,100,24
2510117,4,K10117,3,2,5,2,5,100,24
2510101,4,K10101,3,1,5,2,1,100,24
2510128,4,K10128,3,1,5,2,4,100,12
2510134,1,K10134,2,3,3,4,5,100,24
2510102,3,K10102,3,1,4,2,1,100,47
2510118,3,K10118,3,3,5,2,3,100,12
2510122,5,K10122,3,1,5,2,5,100,12
2510121,4,K10121,3,1,5,2,4,5,47
2510107,5,K10107,3,1,5,2,5,100,24
2510131,2,K10131,3,3,5,3,3,5,56
2510109,5,K10109,3,1,5,2,5,100,24
2510114,5,K10114,3,1,5,2,5,100,12
2510105,3,K10105,5,1,5,2,4,100,24
2510116,3,K10116,5,1,5,2,2,100,12
2510129,4,K10129,3,1,5,2,3,100,24
2510113,2,K10113,5,1,5,4,4,100,24
2510115,2,K10115,4,2,2,2,5,100,24
2510124,5,K10124,3,1,5,2,5,5,27
2510120,1,K10120,4,3,5,4,4,100,24
2510108,4,K10108,3,3,5,2,5,100,24
2511214,3,K11214,3,3,5,2,2,100,24
2511222,4,K11222,3,2,5,2,5,100,12
2511213,3,K11213,3,5,5,3,5,18,24
2511202,5,K11202,3,1,5,2,5,5,5
2511224,3,K11224,4,3,5,2,5,5,24
2511211,2,K11211,3,1,3,4,2,100,12
2511208,3,K11208,3,1,5,3,2,4,1
2511203,4,K11203,3,1,5,2,3,250,1004
2511219,0,K11219,4,4,4,4,4,5,9
2511228,3,K11228,3,2,5,2,1,100,16
2511216,5,K11216,3,1,5,2,5,100,3
2511226,4,K11226,3,4,5,2,5,100,3
2511212,1,K11212,2,1,1,3,4,1,24
2511207,4,K11207,3,2,5,2,5,5,18
2511220,3,K11220,3,3,5,2,3,5,47
2511204,2,K11204,2,1,2,2,4,100,96
2511218,1,K11218,2,4,3,2,4,56,33
2511217,4,K11217,5,1,5,2,5,100,24
2511227,5,K11227,3,1,5,2,5,5,47
2511225,3,K11225,3,3,5,2,4,5,3
2511223,3,K11223,3,3,5,2,2,5,24
2511221,1,K11221,1,1,1,1,1,1,1
2511210,1,K11210,3,2,1,1,4,100,3
2511205,1,K11205,5,4,2,2,3,100,20
2511209,2,K11209,3,4,5,1,3,0,9
2511201,4,K11201,2,1,5,2,5,1,24
2511206,4,K11206,3,1,5,2,4,100,24
2511215,2,K11215,3,4,5,3,3,1,3000000
2510705,0,K10705,,,,,,,
2510714,0,K10714,,,,,,,
2510721,0,K10721,,,,,,,
2510730,0,K10730,,,,,,,
2510711,0,K10711,,,,,,,
2510724,0,K10724,,,,,,,
2510717,0,K10717,,,,,,,
2510701,0,K10701,,,,,,,
2510709,0,K10709,,,,,,,
2510715,0,K10715,,,,,,,
2510708,0,K10708,,,,,,,
2510726,0,K10726,,,,,,,
2510720,0,K10720,,,,,,,
2510703,0,K10703,,,,,,,
2510702,0,K10702,,,,,,,
2510727,0,K10727,,,,,,,
2510718,0,K10718,,,,,,,
2510716,0,K10716,,,,,,,
2510728,0,K10728,,,,,,,
2510710,0,K10710,,,,,,,
2510729,0,K10729,,,,,,,
2510712,0,K10712,,,,,,,
2510719,0,K10719,,,,,,,
UMMY1,0,DUMMY10104,,,,,,,
UMMY1,0,DUMMY10101,,,,,,,
2510705,5,K10705,3,1,5,2,5,5,47
2510717,3,K10717,3,1,5,1,4,47,47
2510728,4,K10728,3,2,5,2,5,100,12
2510704,5,K10704,3,1,5,2,5,5,47
2510702,4,K10702,3,1,5,2,2,5,47
2510721,5,K10721,3,1,5,2,5,100,24
2510730,3,K10730,3,2,2,2,5,5,47
2510719,1,K10719,5,2,5,4,2,100,2
2510726,4,K10726,3,2,5,2,5,100,24
2510716,5,K10716,3,1,5,2,5,5,47
2510720,1,K10720,4,5,3,2,2,100,47
2510711,5,K10711,3,1,5,2,5,5,47
2510712,5,K10712,3,1,5,2,5,5,47
2510708,2,K10708,1,2,5,2,2,5,47
2510718,5,K10718,3,1,5,2,5,5,47
2510701,5,K10701,3,1,5,2,5,5,24
2510715,1,K10715,3,4,3,4,4,0,0
2510703,5,K10703,3,1,5,2,5,5,47
2510710,5,K10710,3,1,5,2,5,5,47
2510714,5,K10714,3,1,5,2,5,5,47
2510727,1,K10727,4,3,1,2,4,100,24
2510709,3,K10709,3,2,5,2,1,5,47
2510724,4,K10724,1,1,5,2,5,100,12
2510729,5,K10729,3,1,5,2,5,100,24
2510725,4,K10725,3,1,5,2,2,100,47
,,,,,,,,,
