id,partner
1110102,1110105
1110103,1110117
1110104,1110123
1110105,1110102
1110106,1110125
1110107,1110116
1110108,1110113
1110109,1110126
1110110,1110120
1110111,1110114
1110112,1110124
1110113,1110108
1110114,1110111
1110115,1110127
1110116,1110107
1110117,1110103
1110118,1110128
1110119,1110121
1110120,1110110
1110121,1110119
1110123,1110104
1110124,1110112
1110125,1110106
1110126,1110109
1110127,1110115
1110128,1110118
1110201,1110202
1110202,1110201
1110203,1110220
1110204,1110225
1110205,1110209
1110206,1110216
1110207,1110227
1110208,1110228
1110209,1110205
1110210,1110211
1110211,1110210
1110212,1110226
1110213,1110223
1110214,1110215
1110215,1110214
1110216,1110206
1110217,1110222
1110218,1110219
1110219,1110218
1110220,1110203
1110221,1110224
1110222,1110217
1110223,1110213
1110224,1110221
1110225,1110204
1110226,1110212
1110227,1110207
1110228,1110208
1110501,1110506
1110503,1110504
1110504,1110503
1110505,1110516
1110506,1110501
1110507,1110524
1110508,1110510
1110510,1110508
1110511,1110525
1110512,1110526
1110513,1110518
1110514,1110521
1110515,1110519
1110516,1110505
1110517,1110520
1110518,1110513
1110519,1110515
1110520,1110517
1110521,1110514
1110522,1110528
1110523,1110527
1110524,1110507
1110525,1110511
1110526,1110512
1110527,1110523
1110528,1110522
1110601,1110616
1110603,1110608
1110604,1110623
1110606,1110618
1110607,1110617
1110608,1110603
1110609,1110625
1110613,1110627
1110616,1110601
1110617,1110607
1110618,1110606
1110619,1110621
1110620,1110622
1110621,1110619
1110622,1110620
1110623,1110604
1110624,1110626
1110625,1110609
1110626,1110624
1110627,1110613
1120201,1120205
1120202,1120229
1120203,1120210
1120204,1120209
1120205,1120201
1120206,1120214
1120207,1120217
1120208,1120211
1120209,1120204
1120210,1120203
1120211,1120208
1120213,1120216
1120214,1120206
1120215,1120218
1120216,1120213
1120217,1120207
1120218,1120215
1120219,1120224
1120220,1120226
1120221,1120225
1120222,1120228
1120223,1120227
1120224,1120219
1120225,1120221
1120226,1120220
1120227,1120223
1120228,1120222
1120229,1120202
1120301,1120325
1120302,1120317
1120303,1120313
1120304,1120311
1120305,1120309
1120306,1120328
1120307,1120320
1120308,1120316
1120309,1120305
1120310,1120327
1120311,1120304
1120312,1120326
1120313,1120303
1120314,1120321
1120315,1120319
1120316,1120308
1120317,1120302
1120318,1120324
1120319,1120315
1120320,1120307
1120321,1120314
1120322,1120329
1120324,1120318
1120325,1120301
1120326,1120312
1120327,1120310
1120328,1120306
1120329,1120322
1120401,1120410
1120402,1120406
1120403,1120414
1120404,1120420
1120405,1120413
1120406,1120402
1120407,1120426
1120408,1120425
1120409,1120424
1120410,1120401
1120411,1120418
1120413,1120405
1120414,1120403
1120415,1120422
1120416,1120428
1120417,1120429
1120418,1120411
1120419,1120419
1120420,1120404
1120421,1120423
1120422,1120415
1120423,1120421
1120424,1120409
1120425,1120408
1120426,1120407
1120428,1120416
1120429,1120417
1120601,1120603
1120602,1120618
1120603,1120601
1120604,1120624
1120605,1120622
1120606,1120608
1120607,1120612
1120608,1120606
1120609,1120621
1120611,1120627
1120612,1120607
1120613,1120625
1120614,1120615
1120615,1120614
1120616,1120620
1120617,1120619
1120618,1120602
1120619,1120617
1120620,1120616
1120621,1120609
1120622,1120605
1120623,1120628
1120624,1120604
1120625,1120613
1120626,1120629
1120627,1120611
1120628,1120623
1120629,1120626
1210101,1210106
1210102,1210104
1210103,1210115
1210104,1210102
1210105,1210112
1210106,1210101
1210107,1210118
1210108,1210114
1210109,1210121
1210110,1210119
1210111,1210111
1210112,1210105
1210113,1210116
1210114,1210108
1210115,1210103
1210116,1210113
1210117,1210123
1210118,1210107
1210119,1210110
1210120,1210125
1210121,1210109
1210122,1210124
1210123,1210117
1210124,1210122
1210125,1210120
1210201,1210205
1210202,1210220
1210204,1210215
1210205,1210201
1210206,1210207
1210207,1210206
1210208,1210218
1210209,1210210
1210210,1210209
1210211,1210221
1210212,1210222
1210213,1210216
1210214,1210219
1210215,1210204
1210216,1210213
1210217,1210223
1210218,1210208
1210219,1210214
1210220,1210202
1210221,1210211
1210222,1210212
1210223,1210217
1210224,1210225
1210225,1210224
1210401,1210403
1210402,1210423
1210403,1210401
1210404,1210412
1210406,1210420
1210407,1210417
1210408,1210424
1210409,1210410
1210410,1210409
1210411,1210419
1210412,1210404
1210413,1210425
1210414,1210418
1210415,1210421
1210417,1210407
1210418,1210414
1210419,1210411
1210420,1210406
1210421,1210415
1210423,1210402
1210424,1210408
1210425,1210413
1210501,1210511
1210502,1210506
1210503,1210523
1210504,1210505
1210505,1210504
1210506,1210502
1210507,1210508
1210508,1210507
1210509,1210515
1210510,1210522
1210511,1210501
1210512,1210516
1210513,1210521
1210514,1210520
1210515,1210509
1210516,1210512
1210517,1210519
1210518,1210518
1210519,1210517
1210520,1210514
1210521,1210513
1210522,1210510
1210523,1210503
1210524,1210525
1210525,1210524
1220101,1220102
1220102,1220101
1220103,1220103
1220104,1220120
1220105,1220121
1220106,1220112
1220107,1220122
1220108,1220119
1220109,1220115
1220110,1220117
1220111,1220114
1220112,1220106
1220113,1220118
1220114,1220111
1220115,1220109
1220116,1220123
1220117,1220110
1220118,1220113
1220119,1220108
1220120,1220104
1220121,1220105
1220122,1220107
1220123,1220116
1220201,1220202
1220202,1220201
1220203,1220207
1220204,1220215
1220205,1220219
1220206,1220214
1220207,1220203
1220208,1220212
1220209,1220211
1220210,1220216
1220211,1220209
1220212,1220208
1220213,1220222
1220214,1220206
1220215,1220204
1220216,1220210
1220217,1220218
1220218,1220217
1220219,1220205
1220220,1220223
1220222,1220213
1220223,1220220
1220301,1220320
1220302,1220305
1220303,1220315
1220304,1220322
1220305,1220302
1220306,1220321
1220307,1220309
1220308,1220318
1220309,1220307
1220310,1220313
1220311,1220314
1220312,1220316
1220313,1220310
1220314,1220311
1220315,1220303
1220316,1220312
1220317,1220319
1220318,1220308
1220319,1220317
1220320,1220301
1220321,1220306
1220322,1220304
1220501,1220520
1220503,1220516
1220504,1220506
1220505,1220512
1220506,1220504
1220507,1220511
1220508,1220508
1220509,1220515
1220510,1220518
1220511,1220507
1220512,1220505
1220513,1220521
1220514,1220517
1220515,1220509
1220516,1220503
1220517,1220514
1220518,1220510
1220519,1220522
1220520,1220501
1220521,1220513
1220522,1220519
1310101,1310118
1310102,1310121
1310103,1310127
1310104,1310116
1310105,1310111
1310106,1310126
1310107,1310109
1310108,1310132
1310109,1310107
1310111,1310105
1310112,1310129
1310113,1310125
1310114,1310122
1310115,1310124
1310116,1310104
1310117,1310117
1310118,1310101
1310119,1310130
1310120,1310131
1310121,1310102
1310122,1310114
1310123,1310128
1310124,1310115
1310125,1310113
1310126,1310106
1310127,1310103
1310128,1310123
1310129,1310112
1310130,1310119
1310131,1310120
1310132,1310108
1310401,1310420
1310402,1310428
1310403,1310418
1310404,1310427
1310405,1310421
1310406,1310410
1310407,1310424
1310408,1310426
1310409,1310416
1310410,1310406
1310411,1310423
1310412,1310417
1310413,1310419
1310414,1310431
1310415,1310422
1310416,1310409
1310417,1310412
1310418,1310403
1310419,1310413
1310420,1310401
1310421,1310405
1310422,1310415
1310423,1310411
1310424,1310407
1310425,1310425
1310426,1310408
1310427,1310404
1310428,1310402
1310429,1310430
1310430,1310429
1310431,1310414
1310601,1310614
1310602,1310623
1310603,1310607
1310604,1310620
1310605,1310609
1310606,1310612
1310607,1310603
1310608,1310617
1310609,1310605
1310610,1310618
1310611,1310625
1310612,1310606
1310613,1310616
1310614,1310601
1310615,1310621
1310616,1310613
1310617,1310608
1310618,1310610
1310619,1310624
1310620,1310604
1310621,1310615
1310622,1310626
1310623,1310602
1310624,1310619
1310625,1310611
1310626,1310622
1311001,1311008
1311002,1311004
1311003,1311016
1311004,1311002
1311005,1311007
1311006,1311009
1311007,1311005
1311008,1311001
1311009,1311006
1311010,1311013
1311011,1311014
1311012,1311025
1311013,1311010
1311014,1311011
1311015,1311024
1311016,1311003
1311017,1311020
1311018,1311022
1311019,1311019
1311020,1311017
1311021,1311023
1311022,1311018
1311023,1311021
1311024,1311015
1311025,1311012
1410101,1410117
1410102,1410113
1410103,1410124
1410104,1410119
1410105,1410116
1410106,1410120
1410107,1410115
1410108,1410125
1410110,1410126
1410111,1410127
1410112,1410123
1410113,1410102
1410114,1410121
1410115,1410107
1410116,1410105
1410117,1410101
1410118,1410122
1410119,1410104
1410120,1410106
1410121,1410114
1410122,1410118
1410123,1410112
1410124,1410103
1410125,1410108
1410126,1410110
1410127,1410111
1410128,1410129
1410129,1410128
1410401,1410409
1410402,1410412
1410403,1410408
1410404,1410405
1410405,1410404
1410406,1410420
1410407,1410416
1410408,1410403
1410409,1410401
1410410,1410410
1410411,1410417
1410412,1410402
1410413,1410421
1410414,1410422
1410415,1410426
1410416,1410407
1410417,1410411
1410418,1410423
1410419,1410424
1410420,1410406
1410421,1410413
1410422,1410414
1410423,1410418
1410424,1410419
1410425,1410427
1410426,1410415
1410427,1410425
1410701,1410711
1410702,1410720
1410703,1410722
1410705,1410723
1410706,1410715
1410707,1410721
1410708,1410719
1410709,1410713
1410710,1410714
1410711,1410701
1410712,1410712
1410713,1410709
1410714,1410710
1410715,1410706
1410716,1410725
1410717,1410724
1410718,1410727
1410719,1410708
1410720,1410702
1410721,1410707
1410722,1410703
1410723,1410705
1410724,1410717
1410725,1410716
1410727,1410718
1410801,1410812
1410802,1410811
1410803,1410813
1410804,1410804
1410805,1410821
1410806,1410810
1410807,1410818
1410808,1410819
1410809,1410814
1410810,1410806
1410811,1410802
1410812,1410801
1410813,1410803
1410814,1410809
1410815,1410825
1410816,1410822
1410817,1410820
1410818,1410807
1410819,1410808
1410820,1410817
1410821,1410805
1410822,1410816
1410823,1410827
1410824,1410826
1410825,1410815
1410826,1410824
1410827,1410823
1510201,1510231
1510202,1510222
1510203,1510228
1510204,1510205
1510205,1510204
1510206,1510212
1510207,1510217
1510208,1510232
1510209,1510223
1510210,1510224
1510211,1510211
1510212,1510206
1510213,1510233
1510214,1510219
1510215,1510226
1510216,1510220
1510217,1510207
1510218,1510225
1510219,1510214
1510220,1510216
1510221,1510229
1510222,1510202
1510223,1510209
1510224,1510210
1510225,1510218
1510226,1510215
1510227,1510230
1510228,1510203
1510229,1510221
1510230,1510227
1510231,1510201
1510232,1510208
1510233,1510213
1510301,1510332
1510302,1510312
1510303,1510314
1510304,1510325
1510305,1510307
1510306,1510333
1510307,1510305
1510308,1510313
1510309,1510318
1510310,1510323
1510311,1510330
1510312,1510302
1510313,1510308
1510314,1510303
1510315,1510324
1510316,1510326
1510317,1510329
1510318,1510309
1510319,1510322
1510320,1510321
1510321,1510320
1510322,1510319
1510323,1510310
1510324,1510315
1510325,1510304
1510326,1510316
1510327,1510328
1510328,1510327
1510329,1510317
1510330,1510311
1510331,1510331
1510332,1510301
1510333,1510306
1510601,1510614
1510602,1510620
1510603,1510623
1510604,1510616
1510605,1510607
1510606,1510631
1510607,1510605
1510608,1510630
1510609,1510626
1510610,1510628
1510611,1510615
1510612,1510622
1510613,1510624
1510614,1510601
1510615,1510611
1510616,1510604
1510617,1510625
1510619,1510621
1510620,1510602
1510621,1510619
1510622,1510612
1510623,1510603
1510624,1510613
1510625,1510617
1510626,1510609
1510627,1510629
1510628,1510610
1510629,1510627
1510630,1510608
1510631,1510606
1511001,1511030
1511002,1511022
1511003,1511012
1511004,1511005
1511005,1511004
1511006,1511017
1511007,1511010
1511008,1511009
1511009,1511008
1511010,1511007
1511011,1511029
1511012,1511003
1511013,1511018
1511014,1511015
1511015,1511014
1511016,1511025
1511017,1511006
1511018,1511013
1511019,1511024
1511020,1511026
1511021,1511027
1511022,1511002
1511023,1511028
1511024,1511019
1511025,1511016
1511026,1511020
1511027,1511021
1511028,1511023
1511029,1511011
1511030,1511001
1610201,1610226
1610202,1610215
1610204,1610216
1610205,1610207
1610206,1610227
1610207,1610205
1610208,1610219
1610209,1610218
1610210,1610230
1610211,1610228
1610212,1610213
1610213,1610212
1610214,1610220
1610215,1610202
1610216,1610204
1610217,1610225
1610218,1610209
1610219,1610208
1610220,1610214
1610221,1610223
1610222,1610229
1610223,1610221
1610224,1610224
1610225,1610217
1610226,1610201
1610227,1610206
1610228,1610211
1610229,1610222
1610230,1610210
1610301,1610307
1610302,1610305
1610303,1610304
1610304,1610303
1610305,1610302
1610306,1610320
1610307,1610301
1610308,1610317
1610309,1610323
1610310,1610310
1610311,1610316
1610312,1610313
1610313,1610312
1610314,1610325
1610315,1610322
1610316,1610311
1610317,1610308
1610318,1610329
1610319,1610326
1610320,1610306
1610321,1610324
1610322,1610315
1610323,1610309
1610324,1610321
1610325,1610314
1610326,1610319
1610327,1610328
1610328,1610327
1610329,1610318
1610601,1610610
1610602,1610622
1610603,1610625
1610604,1610624
1610605,1610616
1610606,1610617
1610607,1610627
1610608,1610618
1610609,1610614
1610610,1610601
1610611,1610611
1610612,1610613
1610613,1610612
1610614,1610609
1610615,1610621
1610616,1610605
1610617,1610606
1610618,1610608
1610619,0
1610621,1610615
1610622,1610602
1610623,1610628
1610624,1610604
1610625,1610603
1610626,1610629
1610627,1610607
1610628,1610623
1610629,1610626
1610801,1610816
1610802,1610823
1610803,1610810
1610804,1610805
1610805,1610804
1610806,1610820
1610807,1610813
1610808,1610829
1610809,1610828
1610810,1610803
1610811,1610825
1610812,1610819
1610813,1610807
1610814,1610814
1610815,1610824
1610816,1610801
1610817,1610827
1610818,1610822
1610819,1610812
1610820,1610806
1610821,1610826
1610822,1610818
1610823,1610802
1610824,1610815
1610825,1610811
1610826,1610821
1610827,1610817
1610828,1610809
1610829,1610808
2110101,2110112
2110102,2110121
2110104,2110109
2110105,2110111
2110106,2110123
2110107,2110124
2110108,2110114
2110109,2110104
2110110,2110113
2110111,2110105
2110112,2110101
2110113,2110110
2110114,2110108
2110115,2110125
2110116,2110118
2110117,2110120
2110118,2110116
2110119,2110119
2110120,2110117
2110121,2110102
2110123,2110106
2110124,2110107
2110125,2110115
2110201,2110203
2110202,2110210
2110203,2110201
2110204,2110216
2110205,2110207
2110206,2110223
2110207,2110205
2110208,2110209
2110209,2110208
2110210,2110202
2110211,2110213
2110212,2110218
2110213,2110211
2110214,2110215
2110215,2110214
2110216,2110204
2110217,2110220
2110218,2110212
2110219,2110222
2110220,2110217
2110221,2110221
2110222,2110219
2110223,2110206
2110301,2110307
2110302,2110310
2110303,2110317
2110304,2110309
2110305,2110318
2110306,2110322
2110307,2110301
2110308,2110315
2110309,2110304
2110310,2110302
2110311,2110320
2110312,2110319
2110313,2110316
2110315,2110308
2110316,2110313
2110317,2110303
2110318,2110305
2110319,2110312
2110320,2110311
2110321,2110321
2110322,2110306
2110401,2110414
2110403,2110417
2110405,2110411
2110406,2110422
2110407,2110408
2110408,2110407
2110409,2110412
2110411,2110405
2110412,2110409
2110413,2110418
2110414,2110401
2110415,2110423
2110416,2110420
2110417,2110403
2110418,2110413
2110419,2110421
2110420,2110416
2110421,2110419
2110422,2110406
2110423,2110415
2120101,2120104
2120102,2120105
2120103,2120118
2120104,2120101
2120105,2120102
2120106,2120111
2120107,2120110
2120108,2120109
2120109,2120108
2120110,2120107
2120111,2120106
2120112,2120112
2120113,2120117
2120114,2120121
2120116,2120120
2120117,2120113
2120118,2120103
2120120,2120116
2120121,2120114
2120201,2120215
2120202,2120216
2120203,2120213
2120204,2120207
2120206,2120214
2120207,2120204
2120208,2120212
2120209,2120221
2120210,2120219
2120211,2120217
2120212,2120208
2120213,2120203
2120214,2120206
2120215,2120201
2120216,2120202
2120217,2120211
2120219,2120210
2120220,2120220
2120221,2120209
2120301,2120311
2120302,2120318
2120303,2120315
2120304,2120313
2120305,2120306
2120306,2120305
2120307,2120308
2120308,2120307
2120309,2120319
2120311,2120301
2120312,2120316
2120313,2120304
2120315,2120303
2120316,2120312
2120317,2120321
2120318,2120302
2120319,2120309
2120321,2120317
2120401,2120403
2120402,2120407
2120403,2120401
2120405,2120416
2120406,2120417
2120407,2120402
2120408,2120410
2120409,2120420
2120410,2120408
2120411,2120421
2120412,2120414
2120413,2120415
2120414,2120412
2120415,2120413
2120416,2120405
2120417,2120406
2120418,2120419
2120419,2120418
2120420,2120409
2120421,2120411
2210301,2210310
2210302,2210320
2210303,2210317
2210304,2210316
2210305,2210321
2210306,2210324
2210307,2210323
2210308,2210325
2210309,2210309
2210310,2210301
2210311,2210312
2210312,2210311
2210313,2210314
2210314,2210313
2210315,2210322
2210316,2210304
2210317,2210303
2210318,2210319
2210319,2210318
2210320,2210302
2210321,2210305
2210322,2210315
2210323,2210307
2210324,2210306
2210325,2210308
2210401,2210402
2210402,2210401
2210403,2210424
2210404,2210417
2210405,2210407
2210406,2210408
2210407,2210405
2210408,2210406
2210409,2210413
2210410,2210419
2210411,2210416
2210412,2210422
2210413,2210409
2210414,2210420
2210415,2210425
2210416,2210411
2210417,2210404
2210418,2210423
2210419,2210410
2210420,2210414
2210422,2210412
2210423,2210418
2210424,2210403
2210425,2210415
2210501,2210523
2210502,2210509
2210503,2210517
2210504,2210511
2210505,2210513
2210506,2210507
2210507,2210506
2210508,2210518
2210509,2210502
2210510,2210522
2210511,2210504
2210512,2210521
2210513,2210505
2210514,2210520
2210515,2210516
2210516,2210515
2210517,2210503
2210518,2210508
2210519,2210525
2210520,2210514
2210521,2210512
2210522,2210510
2210523,2210501
2210525,2210519
2210701,2210726
2210702,2210719
2210703,2210715
2210704,2210720
2210705,2210725
2210706,2210717
2210707,2210710
2210708,2210711
2210709,2210714
2210710,2210707
2210711,2210708
2210712,2210722
2210713,2210716
2210714,2210709
2210715,2210703
2210716,2210713
2210717,2210706
2210718,2210718
2210719,2210702
2210720,2210704
2210721,2210723
2210722,2210712
2210723,2210721
2210725,2210705
2210726,2210701
2220301,2220317
2220302,2220305
2220303,2220314
2220304,2220315
2220305,2220302
2220306,2220307
2220307,2220306
2220308,2220309
2220309,2220308
2220310,2220323
2220311,2220318
2220312,2220322
2220313,2220319
2220314,2220303
2220315,2220304
2220316,2220320
2220317,2220301
2220318,2220311
2220319,2220313
2220320,2220316
2220321,2220324
2220322,2220312
2220323,2220310
2220324,2220321
2220501,2220509
2220502,2220505
2220503,2220522
2220504,2220508
2220505,2220502
2220506,2220512
2220507,2220510
2220508,2220504
2220509,2220501
2220510,2220507
2220511,2220523
2220512,2220506
2220513,2220513
2220514,2220519
2220515,2220518
2220516,2220521
2220517,2220520
2220518,2220515
2220519,2220514
2220520,2220517
2220521,2220516
2220522,2220503
2220523,2220511
2220701,2220721
2220702,2220704
2220703,2220719
2220704,2220702
2220705,2220722
2220706,2220707
2220707,2220706
2220708,2220720
2220709,2220718
2220710,2220715
2220711,2220716
2220712,2220713
2220713,2220712
2220714,2220723
2220715,2220710
2220716,2220711
2220717,2220717
2220718,2220709
2220719,2220703
2220720,2220708
2220721,2220701
2220722,2220705
2220723,2220714
2220802,2220812
2220803,2220821
2220804,2220813
2220805,2220819
2220806,2220823
2220807,2220808
2220808,2220807
2220809,2220811
2220810,2220822
2220811,2220809
2220812,2220802
2220813,2220804
2220814,2220817
2220815,2220816
2220816,2220815
2220817,2220814
2220818,2220820
2220819,2220805
2220820,2220818
2220821,2220803
2220822,2220810
2220823,2220806
2310201,2310229
2310202,2310225
2310203,2310214
2310204,2310208
2310205,2310217
2310206,2310216
2310207,2310228
2310208,2310204
2310209,2310209
2310210,2310221
2310211,2310226
2310212,2310218
2310213,2310227
2310214,2310203
2310215,2310223
2310216,2310206
2310217,2310205
2310218,2310212
2310219,2310224
2310220,2310222
2310221,2310210
2310222,2310220
2310223,2310215
2310224,2310219
2310225,2310202
2310226,2310211
2310227,2310213
2310228,2310207
2310229,2310201
2310301,2310301
2310302,2310303
2310303,2310302
2310304,2310320
2310305,2310308
2310306,2310312
2310307,2310314
2310308,2310305
2310309,2310310
2310310,2310309
2310311,2310321
2310312,2310306
2310313,2310326
2310314,2310307
2310315,2310318
2310316,2310329
2310317,2310323
2310318,2310315
2310319,2310327
2310320,2310304
2310321,2310311
2310322,2310328
2310323,2310317
2310324,2310325
2310325,2310324
2310326,2310313
2310327,2310319
2310328,2310322
2310329,2310316
2310801,2310806
2310802,2310826
2310803,2310823
2310804,2310810
2310805,2310828
2310806,2310801
2310807,2310831
2310808,2310821
2310809,2310819
2310810,2310804
2310811,2310820
2310812,2310824
2310813,2310813
2310814,2310818
2310815,2310817
2310816,2310825
2310817,2310815
2310818,2310814
2310819,2310809
2310820,2310811
2310821,2310808
2310822,2310827
2310823,2310803
2310824,2310812
2310825,2310816
2310826,2310802
2310827,2310822
2310828,2310805
2310831,2310807
2311001,2311006
2311002,2311011
2311003,2311013
2311004,2311007
2311005,2311015
2311006,2311001
2311007,2311004
2311008,2311009
2311009,2311008
2311010,2311017
2311011,2311002
2311012,2311024
2311013,2311003
2311014,2311026
2311015,2311005
2311016,2311020
2311017,2311010
2311018,2311022
2311019,2311030
2311020,2311016
2311021,2311023
2311022,2311018
2311023,2311021
2311024,2311012
2311025,2311025
2311026,2311014
2311027,2311028
2311028,2311027
2311030,2311019
2410101,2410122
2410102,2410112
2410103,2410104
2410104,2410103
2410105,2410115
2410106,2410110
2410107,2410123
2410108,2410109
2410109,2410108
2410110,2410106
2410111,2410117
2410112,2410102
2410113,2410116
2410114,2410119
2410115,2410105
2410116,2410113
2410117,2410111
2410118,2410121
2410119,2410114
2410120,2410124
2410121,2410118
2410122,2410101
2410123,2410107
2410124,2410120
2410201,2410213
2410202,2410203
2410203,2410202
2410204,2410210
2410205,2410211
2410206,2410222
2410207,2410212
2410208,2410224
2410209,2410214
2410210,2410204
2410211,2410205
2410212,2410207
2410213,2410201
2410214,2410209
2410216,2410223
2410217,2410225
2410219,2410219
2410220,2410221
2410221,2410220
2410222,2410206
2410223,2410216
2410224,2410208
2410225,2410217
2410401,2410416
2410402,2410418
2410403,2410405
2410404,2410422
2410405,2410403
2410406,2410406
2410407,2410410
2410408,2410414
2410409,2410417
2410410,2410407
2410411,2410419
2410413,2410423
2410414,2410408
2410415,2410424
2410416,2410401
2410417,2410409
2410418,2410402
2410419,2410411
2410420,2410421
2410421,2410420
2410422,2410404
2410423,2410413
2410424,2410415
2410501,2410503
2410502,2410518
2410503,2410501
2410504,2410511
2410505,2410519
2410506,2410514
2410507,2410508
2410508,2410507
2410509,2410516
2410510,2410524
2410511,2410504
2410512,2410517
2410513,2410515
2410514,2410506
2410515,2410513
2410516,2410509
2410517,2410512
2410518,2410502
2410519,2410505
2410520,2410521
2410521,2410520
2410522,2410523
2410523,2410522
2410524,2410510
2510101,2510134
2510102,2510115
2510103,2510118
2510104,2510126
2510105,2510114
2510106,2510131
2510107,2510113
2510108,2510109
2510109,2510108
2510110,2510127
2510111,2510116
2510112,2510133
2510113,2510107
2510114,2510105
2510115,2510102
2510116,2510111
2510117,2510123
2510118,2510103
2510119,2510132
2510120,2510122
2510121,2510128
2510122,2510120
2510123,2510117
2510124,2510135
2510125,2510130
2510126,2510104
2510127,2510110
2510128,2510121
2510129,2510129
2510130,2510125
2510131,2510106
2510132,2510119
2510133,2510112
2510134,2510101
2510135,2510124
2510501,2510534
2510502,2510529
2510503,2510514
2510504,2510512
2510505,2510524
2510506,2510510
2510507,2510517
2510508,2510527
2510509,2510532
2510510,2510506
2510511,2510511
2510512,2510504
2510513,2510526
2510514,2510503
2510515,2510516
2510516,2510515
2510517,2510507
2510519,2510530
2510520,2510522
2510521,2510523
2510522,2510520
2510523,2510521
2510524,2510505
2510525,2510531
2510526,2510513
2510527,2510508
2510528,2510533
2510529,2510502
2510530,2510519
2510531,2510525
2510532,2510509
2510533,2510528
2510534,2510501
2510701,2510728
2510702,2510723
2510703,2510720
2510704,2510722
2510705,2510726
2510706,2510711
2510707,2510724
2510708,2510716
2510709,2510729
2510710,2510727
2510711,2510706
2510712,2510725
2510713,2510714
2510714,2510713
2510715,2510715
2510716,2510708
2510717,2510718
2510718,2510717
2510719,2510721
2510720,2510703
2510721,2510719
2510722,2510704
2510723,2510702
2510724,2510707
2510725,2510712
2510726,2510705
2510727,2510710
2510728,2510701
2510729,2510709
2511201,2511223
2511202,2511203
2511203,2511202
2511204,2511205
2511205,2511204
2511206,2511222
2511207,2511224
2511208,2511217
2511209,2511228
2511210,2511216
2511211,2511214
2511212,2511220
2511213,2511227
2511214,2511211
2511215,2511226
2511216,2511210
2511217,2511208
2511218,2511225
2511219,2511221
2511220,2511212
2511221,2511219
2511222,2511206
2511223,2511201
2511224,2511207
2511225,2511218
2511226,2511215
2511227,2511213
2511228,2511209
2610102,2610110
2610103,2610114
2610104,2610108
2610105,2610116
2610106,2610111
2610107,2610117
2610108,2610104
2610110,2610102
2610111,2610106
2610112,2610115
2610113,2610118
2610114,2610103
2610115,2610112
2610116,2610105
2610117,2610107
2610118,2610113
2610201,2610204
2610202,2610206
2610203,2610213
2610204,2610201
2610205,2610218
2610206,2610202
2610208,2610208
2610209,2610216
2610212,2610217
2610213,2610203
2610214,2610215
2610215,2610214
2610216,2610209
2610217,2610212
2610218,2610205
2610301,2610310
2610302,2610309
2610303,2610317
2610304,2610314
2610305,2610307
2610306,2610318
2610307,2610305
2610308,2610313
2610309,2610302
2610310,2610301
2610311,2610315
2610312,2610316
2610313,2610308
2610314,2610304
2610315,2610311
2610316,2610312
2610317,2610303
2610318,2610306
2610401,2610403
2610402,2610412
2610403,2610401
2610404,2610408
2610405,2610416
2610406,2610409
2610408,2610404
2610409,2610406
2610410,2610411
2610411,2610410
2610412,2610402
2610413,2610413
2610414,2610417
2610415,2610418
2610416,2610405
2610417,2610414
2610418,2610415
